<?xml version="1.0" encoding="UTF-8"?>
<feature
      id="org.eclipse.persistence.jpa"
      label="%featureName"
      version="@VERSION@.@QUALIFIER@"
      provider-name="%providerName">

   <description>
      %description
   </description>

   <copyright>
      %copyright
   </copyright>

   <license url="%licenseURL">
      %license
   </license>

   <url>
      <update label="%updateSiteName" url="%primaryUpdateURL"/>
      <discovery label="%secondaryUpdateSiteName" url="%secondaryUpdateURL"/>
   </url>

   <requires>
      <import plugin="org.eclipse.osgi"/>
   </requires>

   <plugin
         id="javax.activation"
         download-size="0"
         install-size="0"
         version="@ACTIVATION_VERSION@"
         unpack="false"/>

   <plugin
         id="javax.mail"
         download-size="0"
         install-size="0"
         version="@MAIL_VERSION@"
         unpack="false"/>

   <plugin
         id="javax.persistence"
         download-size="0"
         install-size="0"
         version="@PERSISTENCE_VERSION@"
         unpack="false"/>

   <plugin
         id="javax.xml.stream"
         download-size="0"
         install-size="0"
         version="@XMLSTREAM_VERSION@"
         unpack="false"/>

   <plugin
         id="org.eclipse.persistence.antlr"
         download-size="0"
         install-size="0"
         version="@ANTLR_VERSION@"
         unpack="false"/>

   <plugin
         id="org.eclipse.persistence.asm"
         download-size="0"
         install-size="0"
         version="@ASM_VERSION@"
         unpack="false"/>

   <plugin
         id="org.eclipse.persistence.core"
         download-size="0"
         install-size="0"
         version="@VERSION@.@QUALIFIER@"
         unpack="false"/>

   <plugin
         id="org.eclipse.persistence.jpa"
         download-size="0"
         install-size="0"
         version="@VERSION@.@QUALIFIER@"
         unpack="false"/>

   <plugin
         id="org.eclipse.persistence.jpa.jpql"
         download-size="0"
         install-size="0"
         version="@HERMES_VERSION@"
         unpack="false"/>

   <plugin
         id="org.eclipse.persistence.oracle"
         download-size="0"
         install-size="0"
         version="@ORACLE_VERSION@"
         unpack="false"/>

</feature>
