<?xml version="1.0" encoding="UTF-8"?>
<feature
      id="org.eclipse.persistence.dbws"
      label="%featureName"
      version="@VERSION@.@QUALIFIER@"
      provider-name="%providerName">

   <description>
      %description
   </description>

   <copyright>
      %copyright
   </copyright>

   <license url="%licenseURL">
      %license
   </license>

   <url>
      <update label="%updateSiteName" url="%primaryUpdateURL"/>
      <discovery label="%secondaryUpdateSiteName" url="%secondaryUpdateURL"/>
   </url>

   <plugin
         id="javax.activation"
         download-size="0"
         install-size="0"
         version="@ACTIVATION_VERSION@"
         unpack="false"/>

   <plugin
         id="javax.mail"
         download-size="0"
         install-size="0"
         version="@MAIL_VERSION@"
         unpack="false"/>

   <plugin
         id="javax.servlet"
         download-size="0"
         install-size="0"
         version="@SERVLET_VERSION@"
         unpack="false"/>

   <plugin
         id="org.eclipse.persistence.asm"
         download-size="0"
         install-size="0"
         version="@ASM_VERSION@"
         unpack="false"/>

   <plugin
         id="org.eclipse.persistence.core"
         download-size="0"
         install-size="0"
         version="@VERSION@.@QUALIFIER@"
         unpack="false"/>

   <plugin
         id="org.eclipse.persistence.dbws"
         download-size="0"
         install-size="0"
         version="@VERSION@.@QUALIFIER@"
         unpack="false"/>

</feature>
