<?xml version="1.0" encoding="UTF-8"?>

<!-- This file was generated automatically on 29-Jan-2016. -->
    
<faces-config 
  version="1.2"
  xmlns="http://java.sun.com/xml/ns/javaee"
  xmlns:xsi="http://www.w3.org/2001/XMLSchema-instance"
  xsi:schemaLocation="http://java.sun.com/xml/ns/javaee http://java.sun.com/xml/ns/javaee/web-facesconfig_1_2.xsd">
    <application>
        <el-resolver>com.sun.webui.jsf.faces.UIComponentELResolver</el-resolver>
        <el-resolver>com.sun.webui.jsf.faces.ThemeELResolver</el-resolver>
        <el-resolver>com.sun.webui.jsf.faces.DataProviderELResolver</el-resolver>
    </application>
    <component>
        <display-name>WizardBranchSteps</display-name>
        <component-type>com.sun.webui.jsf.WizardBranchSteps</component-type>
        <component-class>com.sun.webui.jsf.component.WizardBranchSteps</component-class>
    </component>
    <component>
        <display-name>Help Window</display-name>
        <component-type>com.sun.webui.jsf.HelpWindow</component-type>
        <component-class>com.sun.webui.jsf.component.HelpWindow</component-class>
    </component>
    <component>
        <display-name>Panels</display-name>
        <component-type>com.sun.webui.jsf.TablePanels</component-type>
        <component-class>com.sun.webui.jsf.component.TablePanels</component-class>
    </component>
    <component>
        <display-name>Anchor</display-name>
        <component-type>com.sun.webui.jsf.Anchor</component-type>
        <component-class>com.sun.webui.jsf.component.Anchor</component-class>
    </component>
    <component>
        <display-name>Notification Phrase</display-name>
        <component-type>com.sun.webui.jsf.NotificationPhrase</component-type>
        <component-class>com.sun.webui.jsf.component.NotificationPhrase</component-class>
    </component>
    <component>
        <display-name>Link</display-name>
        <component-type>com.sun.webui.jsf.Link</component-type>
        <component-class>com.sun.webui.jsf.component.Link</component-class>
    </component>
    <component>
        <display-name>Wizard Step</display-name>
        <component-type>com.sun.webui.jsf.WizardStep</component-type>
        <component-class>com.sun.webui.jsf.component.WizardStep</component-class>
    </component>
    <component>
        <display-name>Password Field</display-name>
        <component-type>com.sun.webui.jsf.PasswordField</component-type>
        <component-class>com.sun.webui.jsf.component.PasswordField</component-class>
    </component>
    <component>
        <display-name>Masthead</display-name>
        <component-type>com.sun.webui.jsf.Masthead</component-type>
        <component-class>com.sun.webui.jsf.component.Masthead</component-class>
    </component>
    <component>
        <display-name>ValueBindingFilterCriteria</display-name>
        <component-type>com.sun.webui.jsf.faces.ValueBindingFilterCriteria</component-type>
        <component-class>com.sun.webui.jsf.faces.ValueBindingFilterCriteria</component-class>
    </component>
    <component>
        <display-name>Text Area</display-name>
        <component-type>com.sun.webui.jsf.TextArea</component-type>
        <component-class>com.sun.webui.jsf.component.TextArea</component-class>
    </component>
    <component>
        <display-name>Table</display-name>
        <component-type>com.sun.webui.jsf.Table</component-type>
        <component-class>com.sun.webui.jsf.component.Table</component-class>
    </component>
    <component>
        <display-name>Inline Help</display-name>
        <component-type>com.sun.webui.jsf.HelpInline</component-type>
        <component-class>com.sun.webui.jsf.component.HelpInline</component-class>
    </component>
    <component>
        <display-name>Image Hyperlink</display-name>
        <component-type>com.sun.webui.jsf.ImageHyperlink</component-type>
        <component-class>com.sun.webui.jsf.component.ImageHyperlink</component-class>
    </component>
    <component>
        <display-name>Header</display-name>
        <component-type>com.sun.webui.jsf.TableHeader</component-type>
        <component-class>com.sun.webui.jsf.component.TableHeader</component-class>
    </component>
    <component>
        <display-name>Head</display-name>
        <component-type>com.sun.webui.jsf.Head</component-type>
        <component-class>com.sun.webui.jsf.component.Head</component-class>
    </component>
    <component>
        <display-name>Message</display-name>
        <component-type>com.sun.webui.jsf.Message</component-type>
        <component-class>com.sun.webui.jsf.component.Message</component-class>
    </component>
    <component>
        <display-name>Editable List</display-name>
        <component-type>com.sun.webui.jsf.EditableList</component-type>
        <component-class>com.sun.webui.jsf.component.EditableList</component-class>
    </component>
    <component>
        <display-name>Markup</display-name>
        <component-type>com.sun.webui.jsf.Markup</component-type>
        <component-class>com.sun.webui.jsf.component.Markup</component-class>
    </component>
    <component>
        <display-name>Table2RowGroup</display-name>
        <component-type>com.sun.webui.jsf.Table2RowGroup</component-type>
        <component-class>com.sun.webui.jsf.component.Table2RowGroup</component-class>
    </component>
    <component>
        <display-name>Hyperlink</display-name>
        <component-type>com.sun.webui.jsf.Hyperlink</component-type>
        <component-class>com.sun.webui.jsf.component.Hyperlink</component-class>
    </component>
    <component>
        <display-name>Group Panel</display-name>
        <component-type>com.sun.webui.jsf.PanelGroup</component-type>
        <component-class>com.sun.webui.jsf.component.PanelGroup</component-class>
    </component>
    <component>
        <display-name>Property Sheet Section</display-name>
        <component-type>com.sun.webui.jsf.PropertySheetSection</component-type>
        <component-class>com.sun.webui.jsf.component.PropertySheetSection</component-class>
    </component>
    <component>
        <display-name>Common Tasks Group</display-name>
        <component-type>com.sun.webui.jsf.CommonTasksGroup</component-type>
        <component-class>com.sun.webui.jsf.component.CommonTasksGroup</component-class>
    </component>
    <component>
        <display-name>Version Page</display-name>
        <component-type>com.sun.webui.jsf.VersionPage</component-type>
        <component-class>com.sun.webui.jsf.component.VersionPage</component-class>
    </component>
    <component>
        <display-name>Calendar Month</display-name>
        <component-type>com.sun.webui.jsf.CalendarMonth</component-type>
        <component-class>com.sun.webui.jsf.component.CalendarMonth</component-class>
    </component>
    <component>
        <display-name>Table2</display-name>
        <component-type>com.sun.webui.jsf.Table2</component-type>
        <component-class>com.sun.webui.jsf.component.Table2</component-class>
    </component>
    <component>
        <display-name>Tab</display-name>
        <component-type>com.sun.webui.jsf.Tab</component-type>
        <component-class>com.sun.webui.jsf.component.Tab</component-class>
    </component>
    <component>
        <display-name>Form</display-name>
        <component-type>com.sun.webui.jsf.Form</component-type>
        <component-class>com.sun.webui.jsf.component.Form</component-class>
    </component>
    <component>
        <display-name>Field</display-name>
        <component-type>com.sun.webui.jsf.Field</component-type>
        <component-class>com.sun.webui.jsf.component.Field</component-class>
    </component>
    <component>
        <display-name>Breadcrumbs</display-name>
        <component-type>com.sun.webui.jsf.Breadcrumbs</component-type>
        <component-class>com.sun.webui.jsf.component.Breadcrumbs</component-class>
    </component>
    <component>
        <display-name>Wizard</display-name>
        <component-type>com.sun.webui.jsf.Wizard</component-type>
        <component-class>com.sun.webui.jsf.component.Wizard</component-class>
    </component>
    <component>
        <display-name>Hidden Field</display-name>
        <component-type>com.sun.webui.jsf.HiddenField</component-type>
        <component-class>com.sun.webui.jsf.component.HiddenField</component-class>
    </component>
    <component>
        <display-name>Image</display-name>
        <component-type>com.sun.webui.jsf.Icon</component-type>
        <component-class>com.sun.webui.jsf.component.Icon</component-class>
    </component>
    <component>
        <display-name>Meta</display-name>
        <component-type>com.sun.webui.jsf.Meta</component-type>
        <component-class>com.sun.webui.jsf.component.Meta</component-class>
    </component>
    <component>
        <display-name>Tree</display-name>
        <component-type>com.sun.webui.jsf.Tree</component-type>
        <component-class>com.sun.webui.jsf.component.Tree</component-class>
    </component>
    <component>
        <display-name>Time</display-name>
        <component-type>com.sun.webui.jsf.Time</component-type>
        <component-class>com.sun.webui.jsf.component.Time</component-class>
    </component>
    <component>
        <display-name>Radio Button</display-name>
        <component-type>com.sun.webui.jsf.RadioButton</component-type>
        <component-class>com.sun.webui.jsf.component.RadioButton</component-class>
    </component>
    <component>
        <display-name>MastFooter Section</display-name>
        <component-type>com.sun.webui.jsf.MastFooter</component-type>
        <component-class>com.sun.webui.jsf.component.MastFooter</component-class>
    </component>
    <component>
        <display-name>Message Group</display-name>
        <component-type>com.sun.webui.jsf.MessageGroup</component-type>
        <component-class>com.sun.webui.jsf.component.MessageGroup</component-class>
    </component>
    <component>
        <display-name>Page Alert</display-name>
        <component-type>com.sun.webui.jsf.PageAlert</component-type>
        <component-class>com.sun.webui.jsf.component.PageAlert</component-class>
    </component>
    <component>
        <display-name>Orderable List</display-name>
        <component-type>com.sun.webui.jsf.OrderableList</component-type>
        <component-class>com.sun.webui.jsf.component.OrderableList</component-class>
    </component>
    <component>
        <display-name>Table2Column</display-name>
        <component-type>com.sun.webui.jsf.table2Column</component-type>
        <component-class>com.sun.webui.jsf.component.Table2Column</component-class>
    </component>
    <component>
        <display-name>ProgressBar</display-name>
        <component-type>com.sun.webui.jsf.ProgressBar</component-type>
        <component-class>com.sun.webui.jsf.component.ProgressBar</component-class>
    </component>
    <component>
        <display-name>Layout Panel</display-name>
        <component-type>com.sun.webui.jsf.PanelLayout</component-type>
        <component-class>com.sun.webui.jsf.component.PanelLayout</component-class>
    </component>
    <component>
        <display-name>Selector</display-name>
        <component-type>com.sun.webui.jsf.Selector</component-type>
        <component-class>com.sun.webui.jsf.component.Selector</component-class>
    </component>
    <component>
        <display-name>Page Separator</display-name>
        <component-type>com.sun.webui.jsf.PageSeparator</component-type>
        <component-class>com.sun.webui.jsf.component.PageSeparator</component-class>
    </component>
    <component>
        <display-name>Scheduler</display-name>
        <component-type>com.sun.webui.jsf.Scheduler</component-type>
        <component-class>com.sun.webui.jsf.component.Scheduler</component-class>
    </component>
    <component>
        <display-name>Common Task</display-name>
        <component-type>com.sun.webui.jsf.CommonTask</component-type>
        <component-class>com.sun.webui.jsf.component.CommonTask</component-class>
    </component>
    <component>
        <display-name>Footer</display-name>
        <component-type>com.sun.webui.jsf.TableFooter</component-type>
        <component-class>com.sun.webui.jsf.component.TableFooter</component-class>
    </component>
    <component>
        <display-name>ValueExpressionFilterCriteria</display-name>
        <component-type>com.sun.webui.jsf.faces.ValueExpressionFilterCriteria</component-type>
        <component-class>com.sun.webui.jsf.faces.ValueExpressionFilterCriteria</component-class>
    </component>
    <component>
        <display-name>Add Remove List</display-name>
        <component-type>com.sun.webui.jsf.AddRemove</component-type>
        <component-class>com.sun.webui.jsf.component.AddRemove</component-class>
    </component>
    <component>
        <display-name>Alarm Status</display-name>
        <component-type>com.sun.webui.jsf.AlarmStatus</component-type>
        <component-class>com.sun.webui.jsf.component.AlarmStatus</component-class>
    </component>
    <component>
        <display-name>Script</display-name>
        <component-type>com.sun.webui.jsf.Script</component-type>
        <component-class>com.sun.webui.jsf.component.Script</component-class>
    </component>
    <component>
        <display-name>Button</display-name>
        <component-type>com.sun.webui.jsf.Button</component-type>
        <component-class>com.sun.webui.jsf.component.Button</component-class>
    </component>
    <component>
        <display-name>Property Sheet</display-name>
        <component-type>com.sun.webui.jsf.PropertySheet</component-type>
        <component-class>com.sun.webui.jsf.component.PropertySheet</component-class>
    </component>
    <component>
        <display-name>ThemeLinks</display-name>
        <component-type>com.sun.webui.jsf.ThemeLinks</component-type>
        <component-class>com.sun.webui.jsf.component.ThemeLinks</component-class>
    </component>
    <component>
        <display-name>Alert</display-name>
        <component-type>com.sun.webui.jsf.Alert</component-type>
        <component-class>com.sun.webui.jsf.component.Alert</component-class>
    </component>
    <component>
        <display-name>Static Text</display-name>
        <component-type>com.sun.webui.jsf.StaticText</component-type>
        <component-class>com.sun.webui.jsf.component.StaticText</component-class>
    </component>
    <component>
        <display-name>Image</display-name>
        <component-type>com.sun.webui.jsf.Image</component-type>
        <component-class>com.sun.webui.jsf.component.ImageComponent</component-class>
    </component>
    <component>
        <display-name>Tree Node</display-name>
        <component-type>com.sun.webui.jsf.TreeNode</component-type>
        <component-class>com.sun.webui.jsf.component.TreeNode</component-class>
    </component>
    <component>
        <display-name>Row Group</display-name>
        <component-type>com.sun.webui.jsf.TableRowGroup</component-type>
        <component-class>com.sun.webui.jsf.component.TableRowGroup</component-class>
    </component>
    <component>
        <display-name>Iframe</display-name>
        <component-type>com.sun.webui.jsf.IFrame</component-type>
        <component-class>com.sun.webui.jsf.component.IFrame</component-class>
    </component>
    <component>
        <display-name>Checkbox</display-name>
        <component-type>com.sun.webui.jsf.Checkbox</component-type>
        <component-class>com.sun.webui.jsf.component.Checkbox</component-class>
    </component>
    <component>
        <display-name>Radio Button Group</display-name>
        <component-type>com.sun.webui.jsf.RadioButtonGroup</component-type>
        <component-class>com.sun.webui.jsf.component.RadioButtonGroup</component-class>
    </component>
    <component>
        <display-name>Calendar</display-name>
        <component-type>com.sun.webui.jsf.Calendar</component-type>
        <component-class>com.sun.webui.jsf.component.Calendar</component-class>
    </component>
    <component>
        <display-name>Checkbox Group</display-name>
        <component-type>com.sun.webui.jsf.CheckboxGroup</component-type>
        <component-class>com.sun.webui.jsf.component.CheckboxGroup</component-class>
    </component>
    <component>
        <display-name>Content Area</display-name>
        <component-type>com.sun.webui.jsf.ContentPageTitle</component-type>
        <component-class>com.sun.webui.jsf.component.ContentPageTitle</component-class>
    </component>
    <component>
        <display-name>Legend</display-name>
        <component-type>com.sun.webui.jsf.Legend</component-type>
        <component-class>com.sun.webui.jsf.component.Legend</component-class>
    </component>
    <component>
        <display-name>Time Stamp</display-name>
        <component-type>com.sun.webui.jsf.TimeStamp</component-type>
        <component-class>com.sun.webui.jsf.component.TimeStamp</component-class>
    </component>
    <component>
        <display-name>Text Field</display-name>
        <component-type>com.sun.webui.jsf.TextField</component-type>
        <component-class>com.sun.webui.jsf.component.TextField</component-class>
    </component>
    <component>
        <display-name>ValueExpressionSortCriteria</display-name>
        <component-type>com.sun.webui.jsf.faces.ValueExpressionSortCriteria</component-type>
        <component-class>com.sun.webui.jsf.faces.ValueExpressionSortCriteria</component-class>
    </component>
    <component>
        <display-name>File Chooser</display-name>
        <component-type>com.sun.webui.jsf.FileChooser</component-type>
        <component-class>com.sun.webui.jsf.component.FileChooser</component-class>
    </component>
    <component>
        <display-name>Alarm</display-name>
        <component-type>com.sun.webui.jsf.Alarm</component-type>
        <component-class>com.sun.webui.jsf.component.Alarm</component-class>
    </component>
    <component>
        <display-name>Html</display-name>
        <component-type>com.sun.webui.jsf.Html</component-type>
        <component-class>com.sun.webui.jsf.component.Html</component-class>
    </component>
    <component>
        <display-name>Property</display-name>
        <component-type>com.sun.webui.jsf.Property</component-type>
        <component-class>com.sun.webui.jsf.component.Property</component-class>
    </component>
    <component>
        <display-name>Label</display-name>
        <component-type>com.sun.webui.jsf.Label</component-type>
        <component-class>com.sun.webui.jsf.component.Label</component-class>
    </component>
    <component>
        <display-name>Hyperlink</display-name>
        <component-type>com.sun.webui.jsf.IconHyperlink</component-type>
        <component-class>com.sun.webui.jsf.component.IconHyperlink</component-class>
    </component>
    <component>
        <display-name>ValueBindingSortCriteria</display-name>
        <component-type>com.sun.webui.jsf.faces.ValueBindingSortCriteria</component-type>
        <component-class>com.sun.webui.jsf.faces.ValueBindingSortCriteria</component-class>
    </component>
    <component>
        <display-name>Frame</display-name>
        <component-type>com.sun.webui.jsf.Frame</component-type>
        <component-class>com.sun.webui.jsf.component.Frame</component-class>
    </component>
    <component>
        <display-name>WizardBranch</display-name>
        <component-type>com.sun.webui.jsf.WizardBranch</component-type>
        <component-class>com.sun.webui.jsf.component.WizardBranch</component-class>
    </component>
    <component>
        <display-name>Column</display-name>
        <component-type>com.sun.webui.jsf.TableColumn</component-type>
        <component-class>com.sun.webui.jsf.component.TableColumn</component-class>
    </component>
    <component>
        <display-name>Job Status</display-name>
        <component-type>com.sun.webui.jsf.JobStatus</component-type>
        <component-class>com.sun.webui.jsf.component.JobStatus</component-class>
    </component>
    <component>
        <display-name>Drop Down List</display-name>
        <component-type>com.sun.webui.jsf.DropDown</component-type>
        <component-class>com.sun.webui.jsf.component.DropDown</component-class>
    </component>
    <component>
        <display-name>WizardSubstepBranch</display-name>
        <component-type>com.sun.webui.jsf.WizardSubstepBranch</component-type>
        <component-class>com.sun.webui.jsf.component.WizardSubstepBranch</component-class>
    </component>
    <component>
        <display-name>Frame Set</display-name>
        <component-type>com.sun.webui.jsf.FrameSet</component-type>
        <component-class>com.sun.webui.jsf.component.FrameSet</component-class>
    </component>
    <component>
        <display-name>File Upload</display-name>
        <component-type>com.sun.webui.jsf.Upload</component-type>
        <component-class>com.sun.webui.jsf.component.Upload</component-class>
    </component>
    <component>
        <display-name>Actions</display-name>
        <component-type>com.sun.webui.jsf.TableActions</component-type>
        <component-class>com.sun.webui.jsf.component.TableActions</component-class>
    </component>
    <component>
        <display-name>Skip Hyperlink</display-name>
        <component-type>com.sun.webui.jsf.SkipHyperlink</component-type>
        <component-class>com.sun.webui.jsf.component.SkipHyperlink</component-class>
    </component>
    <component>
        <display-name>Page</display-name>
        <component-type>com.sun.webui.jsf.Page</component-type>
        <component-class>com.sun.webui.jsf.component.Page</component-class>
    </component>
    <component>
        <display-name>Common Tasks Section</display-name>
        <component-type>com.sun.webui.jsf.CommonTasksSection</component-type>
        <component-class>com.sun.webui.jsf.component.CommonTasksSection</component-class>
    </component>
    <component>
        <display-name>Body</display-name>
        <component-type>com.sun.webui.jsf.Body</component-type>
        <component-class>com.sun.webui.jsf.component.Body</component-class>
    </component>
    <component>
        <display-name>Listbox</display-name>
        <component-type>com.sun.webui.jsf.Listbox</component-type>
        <component-class>com.sun.webui.jsf.component.Listbox</component-class>
    </component>
    <component>
        <display-name>Tab Set</display-name>
        <component-type>com.sun.webui.jsf.TabSet</component-type>
        <component-class>com.sun.webui.jsf.component.TabSet</component-class>
    </component>
    <render-kit>
        <renderer>
            <component-family>com.sun.webui.jsf.StaticText</component-family>
            <renderer-type>com.sun.webui.jsf.StaticText</renderer-type>
            <renderer-class>com.sun.webui.jsf.renderkit.html.StaticTextRenderer</renderer-class>
        </renderer>
        <renderer>
            <component-family>com.sun.webui.jsf.Frame</component-family>
            <renderer-type>com.sun.webui.jsf.Frame</renderer-type>
            <renderer-class>com.sun.webui.jsf.renderkit.html.FrameRenderer</renderer-class>
        </renderer>
        <renderer>
            <component-family>com.sun.webui.jsf.HiddenField</component-family>
            <renderer-type>com.sun.webui.jsf.HiddenField</renderer-type>
            <renderer-class>com.sun.webui.jsf.renderkit.html.HiddenFieldRenderer</renderer-class>
        </renderer>
        <renderer>
            <component-family>com.sun.webui.jsf.OrderableList</component-family>
            <renderer-type>com.sun.webui.jsf.OrderableList</renderer-type>
            <renderer-class>com.sun.webui.jsf.renderkit.html.OrderableListRenderer</renderer-class>
        </renderer>
        <renderer>
            <component-family>com.sun.webui.jsf.PropertySheetSection</component-family>
            <renderer-type>com.sun.webui.jsf.PropertySheetSection</renderer-type>
            <renderer-class>com.sun.webui.jsf.renderkit.html.PropertySheetSectionRenderer</renderer-class>
        </renderer>
        <renderer>
            <component-family>com.sun.webui.jsf.Page</component-family>
            <renderer-type>com.sun.webui.jsf.Page</renderer-type>
            <renderer-class>com.sun.webui.jsf.renderkit.html.PageRenderer</renderer-class>
        </renderer>
        <renderer>
            <component-family>com.sun.webui.jsf.FileChooser</component-family>
            <renderer-type>com.sun.webui.jsf.FileChooser</renderer-type>
            <renderer-class>com.sun.webui.jsf.renderkit.html.FileChooserRenderer</renderer-class>
        </renderer>
        <renderer>
            <component-family>com.sun.webui.jsf.Property</component-family>
            <renderer-type>com.sun.webui.jsf.Property</renderer-type>
            <renderer-class>com.sun.webui.jsf.renderkit.html.PropertyRenderer</renderer-class>
        </renderer>
        <renderer>
            <component-family>com.sun.webui.jsf.ImageHyperlink</component-family>
            <renderer-type>com.sun.webui.jsf.ImageHyperlink</renderer-type>
            <renderer-class>com.sun.webui.jsf.renderkit.html.ImageHyperlinkRenderer</renderer-class>
        </renderer>
        <renderer>
            <component-family>com.sun.webui.jsf.Head</component-family>
            <renderer-type>com.sun.webui.jsf.Head</renderer-type>
            <renderer-class>com.sun.webui.jsf.renderkit.html.HeadRenderer</renderer-class>
        </renderer>
        <renderer>
            <component-family>com.sun.webui.jsf.TabSet</component-family>
            <renderer-type>com.sun.webui.jsf.TabSet</renderer-type>
            <renderer-class>com.sun.webui.jsf.renderkit.html.TabSetRenderer</renderer-class>
        </renderer>
        <renderer>
            <component-family>com.sun.webui.jsf.Script</component-family>
            <renderer-type>com.sun.webui.jsf.Script</renderer-type>
            <renderer-class>com.sun.webui.jsf.renderkit.html.ScriptRenderer</renderer-class>
        </renderer>
        <renderer>
            <component-family>com.sun.webui.jsf.Checkbox</component-family>
            <renderer-type>com.sun.webui.jsf.Checkbox</renderer-type>
            <renderer-class>com.sun.webui.jsf.renderkit.html.CheckboxRenderer</renderer-class>
        </renderer>
        <renderer>
            <component-family>com.sun.webui.jsf.TableFooter</component-family>
            <renderer-type>com.sun.webui.jsf.TableFooter</renderer-type>
            <renderer-class>com.sun.webui.jsf.renderkit.html.TableFooterRenderer</renderer-class>
        </renderer>
        <renderer>
            <component-family>com.sun.webui.jsf.Tab</component-family>
            <renderer-type>com.sun.webui.jsf.Tab</renderer-type>
            <renderer-class>com.sun.webui.jsf.renderkit.html.TabRenderer</renderer-class>
        </renderer>
        <renderer>
            <component-family>com.sun.webui.jsf.NotificationPhrase</component-family>
            <renderer-type>com.sun.webui.jsf.NotificationPhrase</renderer-type>
            <renderer-class>com.sun.webui.jsf.renderkit.html.NotificationPhraseRenderer</renderer-class>
        </renderer>
        <renderer>
            <component-family>com.sun.webui.jsf.TableActions</component-family>
            <renderer-type>com.sun.webui.jsf.TableActions</renderer-type>
            <renderer-class>com.sun.webui.jsf.renderkit.html.TableActionsRenderer</renderer-class>
        </renderer>
        <renderer>
            <component-family>com.sun.webui.jsf.Calendar</component-family>
            <renderer-type>com.sun.webui.jsf.Calendar</renderer-type>
            <renderer-class>com.sun.webui.jsf.renderkit.html.CalendarRenderer</renderer-class>
        </renderer>
        <renderer>
            <component-family>com.sun.webui.jsf.ContentPageTitle</component-family>
            <renderer-type>com.sun.webui.jsf.ContentPageTitle</renderer-type>
            <renderer-class>com.sun.webui.jsf.renderkit.html.ContentPageTitleRenderer</renderer-class>
        </renderer>
        <renderer>
            <component-family>com.sun.webui.jsf.PageAlert</component-family>
            <renderer-type>com.sun.webui.jsf.PageAlert</renderer-type>
            <renderer-class>com.sun.webui.jsf.renderkit.html.PageAlertRenderer</renderer-class>
        </renderer>
        <renderer>
            <component-family>com.sun.webui.jsf.ThemeLinks</component-family>
            <renderer-type>com.sun.webui.jsf.ThemeLinks</renderer-type>
            <renderer-class>com.sun.webui.jsf.renderkit.html.ThemeLinksRenderer</renderer-class>
        </renderer>
        <renderer>
            <component-family>com.sun.webui.jsf.TableHeader</component-family>
            <renderer-type>com.sun.webui.jsf.TableHeader</renderer-type>
            <renderer-class>com.sun.webui.jsf.renderkit.html.TableHeaderRenderer</renderer-class>
        </renderer>
        <renderer>
            <component-family>com.sun.webui.jsf.CommonTasksGroup</component-family>
            <renderer-type>com.sun.webui.jsf.CommonTasksGroup</renderer-type>
            <renderer-class>com.sun.webui.jsf.renderkit.html.CommonTasksGroupRenderer</renderer-class>
        </renderer>
        <renderer>
            <component-family>com.sun.webui.jsf.Breadcrumbs</component-family>
            <renderer-type>com.sun.webui.jsf.Breadcrumbs</renderer-type>
            <renderer-class>com.sun.webui.jsf.renderkit.html.BreadcrumbsRenderer</renderer-class>
        </renderer>
        <renderer>
            <component-family>com.sun.webui.jsf.Markup</component-family>
            <renderer-type>com.sun.webui.jsf.Markup</renderer-type>
            <renderer-class>com.sun.webui.jsf.renderkit.html.MarkupRenderer</renderer-class>
        </renderer>
        <renderer>
            <component-family>com.sun.webui.jsf.TextArea</component-family>
            <renderer-type>com.sun.webui.jsf.TextArea</renderer-type>
            <renderer-class>com.sun.webui.jsf.renderkit.html.TextAreaRenderer</renderer-class>
        </renderer>
        <renderer>
            <component-family>com.sun.webui.jsf.Tree</component-family>
            <renderer-type>com.sun.webui.jsf.Tree</renderer-type>
            <renderer-class>com.sun.webui.jsf.renderkit.html.TreeRenderer</renderer-class>
        </renderer>
        <renderer>
            <component-family>com.sun.webui.jsf.Table2RowGroup</component-family>
            <renderer-type>com.sun.webui.jsf.ajax.Table2RowGroup</renderer-type>
            <renderer-class>com.sun.webui.jsf.renderkit.ajax.Table2RowGroupRenderer</renderer-class>
        </renderer>
        <renderer>
            <component-family>com.sun.webui.jsf.Form</component-family>
            <renderer-type>com.sun.webui.jsf.Form</renderer-type>
            <renderer-class>com.sun.webui.jsf.renderkit.html.FormRenderer</renderer-class>
        </renderer>
        <renderer>
            <component-family>com.sun.webui.jsf.Alarm</component-family>
            <renderer-type>com.sun.webui.jsf.Alarm</renderer-type>
            <renderer-class>com.sun.webui.jsf.renderkit.html.AlarmRenderer</renderer-class>
        </renderer>
        <renderer>
            <component-family>com.sun.webui.jsf.Button</component-family>
            <renderer-type>com.sun.webui.jsf.Button</renderer-type>
            <renderer-class>com.sun.webui.jsf.renderkit.html.ButtonRenderer</renderer-class>
        </renderer>
        <renderer>
            <component-family>com.sun.webui.jsf.Body</component-family>
            <renderer-type>com.sun.webui.jsf.Body</renderer-type>
            <renderer-class>com.sun.webui.jsf.renderkit.html.BodyRenderer</renderer-class>
        </renderer>
        <renderer>
            <component-family>com.sun.webui.jsf.Time</component-family>
            <renderer-type>com.sun.webui.jsf.Time</renderer-type>
            <renderer-class>com.sun.webui.jsf.renderkit.html.TimeRenderer</renderer-class>
        </renderer>
        <renderer>
            <component-family>com.sun.webui.jsf.Anchor</component-family>
            <renderer-type>com.sun.webui.jsf.Anchor</renderer-type>
            <renderer-class>com.sun.webui.jsf.renderkit.html.AnchorRenderer</renderer-class>
        </renderer>
        <renderer>
            <component-family>com.sun.webui.jsf.Listbox</component-family>
            <renderer-type>com.sun.webui.jsf.Listbox</renderer-type>
            <renderer-class>com.sun.webui.jsf.renderkit.html.ListboxRenderer</renderer-class>
        </renderer>
        <renderer>
            <component-family>com.sun.webui.jsf.Table2Column</component-family>
            <renderer-type>com.sun.webui.jsf.widget.Table2Column</renderer-type>
            <renderer-class>com.sun.webui.jsf.renderkit.widget.Table2ColumnRenderer</renderer-class>
        </renderer>
        <renderer>
            <component-family>com.sun.webui.jsf.RadioButtonGroup</component-family>
            <renderer-type>com.sun.webui.jsf.RadioButtonGroup</renderer-type>
            <renderer-class>com.sun.webui.jsf.renderkit.html.RadioButtonGroupRenderer</renderer-class>
        </renderer>
        <renderer>
            <component-family>com.sun.webui.jsf.Scheduler</component-family>
            <renderer-type>com.sun.webui.jsf.Scheduler</renderer-type>
            <renderer-class>com.sun.webui.jsf.renderkit.html.SchedulerRenderer</renderer-class>
        </renderer>
        <renderer>
            <component-family>com.sun.webui.jsf.TableRowGroup</component-family>
            <renderer-type>com.sun.webui.jsf.TableRowGroup</renderer-type>
            <renderer-class>com.sun.webui.jsf.renderkit.html.TableRowGroupRenderer</renderer-class>
        </renderer>
        <renderer>
            <component-family>com.sun.webui.jsf.AddRemove</component-family>
            <renderer-type>com.sun.webui.jsf.AddRemove</renderer-type>
            <renderer-class>com.sun.webui.jsf.renderkit.html.AddRemoveRenderer</renderer-class>
        </renderer>
        <renderer>
            <component-family>com.sun.webui.jsf.FrameSet</component-family>
            <renderer-type>com.sun.webui.jsf.FrameSet</renderer-type>
            <renderer-class>com.sun.webui.jsf.renderkit.html.FrameSetRenderer</renderer-class>
        </renderer>
        <renderer>
            <component-family>com.sun.webui.jsf.Html</component-family>
            <renderer-type>com.sun.webui.jsf.Html</renderer-type>
            <renderer-class>com.sun.webui.jsf.renderkit.html.HtmlRenderer</renderer-class>
        </renderer>
        <renderer>
            <component-family>com.sun.webui.jsf.IFrame</component-family>
            <renderer-type>com.sun.webui.jsf.IFrame</renderer-type>
            <renderer-class>com.sun.webui.jsf.renderkit.html.IFrameRenderer</renderer-class>
        </renderer>
        <renderer>
            <component-family>com.sun.webui.jsf.CommonTask</component-family>
            <renderer-type>com.sun.webui.jsf.CommonTask</renderer-type>
            <renderer-class>com.sun.webui.jsf.renderkit.html.CommonTaskRenderer</renderer-class>
        </renderer>
        <renderer>
            <component-family>com.sun.webui.jsf.TableColumn</component-family>
            <renderer-type>com.sun.webui.jsf.TableColumn</renderer-type>
            <renderer-class>com.sun.webui.jsf.renderkit.html.TableColumnRenderer</renderer-class>
        </renderer>
        <renderer>
            <component-family>com.sun.webui.jsf.Masthead</component-family>
            <renderer-type>com.sun.webui.jsf.Masthead</renderer-type>
            <renderer-class>com.sun.webui.jsf.renderkit.html.MastheadRenderer</renderer-class>
        </renderer>
        <renderer>
            <component-family>com.sun.webui.jsf.Icon</component-family>
            <renderer-type>com.sun.webui.jsf.Icon</renderer-type>
            <renderer-class>com.sun.webui.jsf.renderkit.html.IconRenderer</renderer-class>
        </renderer>
        <renderer>
            <component-family>com.sun.webui.jsf.Label</component-family>
            <renderer-type>com.sun.webui.jsf.Label</renderer-type>
            <renderer-class>com.sun.webui.jsf.renderkit.html.LabelRenderer</renderer-class>
        </renderer>
        <renderer>
            <component-family>com.sun.webui.jsf.MessageGroup</component-family>
            <renderer-type>com.sun.webui.jsf.MessageGroup</renderer-type>
            <renderer-class>com.sun.webui.jsf.renderkit.html.MessageGroupRenderer</renderer-class>
        </renderer>
        <renderer>
            <component-family>com.sun.webui.jsf.Table2</component-family>
            <renderer-type>com.sun.webui.jsf.widget.Table2</renderer-type>
            <renderer-class>com.sun.webui.jsf.renderkit.widget.Table2Renderer</renderer-class>
        </renderer>
        <renderer>
            <component-family>com.sun.webui.jsf.CheckboxGroup</component-family>
            <renderer-type>com.sun.webui.jsf.CheckboxGroup</renderer-type>
            <renderer-class>com.sun.webui.jsf.renderkit.html.CheckboxGroupRenderer</renderer-class>
        </renderer>
        <renderer>
            <component-family>com.sun.webui.jsf.Field</component-family>
            <renderer-type>com.sun.webui.jsf.Field</renderer-type>
            <renderer-class>com.sun.webui.jsf.renderkit.html.FieldRenderer</renderer-class>
        </renderer>
        <renderer>
            <component-family>com.sun.webui.jsf.Wizard</component-family>
            <renderer-type>com.sun.webui.jsf.Wizard</renderer-type>
            <renderer-class>com.sun.webui.jsf.renderkit.html.WizardRenderer</renderer-class>
        </renderer>
        <renderer>
            <component-family>com.sun.webui.jsf.TimeStamp</component-family>
            <renderer-type>com.sun.webui.jsf.TimeStamp</renderer-type>
            <renderer-class>com.sun.webui.jsf.renderkit.html.TimeStampRenderer</renderer-class>
        </renderer>
        <renderer>
            <component-family>com.sun.webui.jsf.Alert</component-family>
            <renderer-type>com.sun.webui.jsf.Alert</renderer-type>
            <renderer-class>com.sun.webui.jsf.renderkit.html.AlertRenderer</renderer-class>
        </renderer>
        <renderer>
            <component-family>com.sun.webui.jsf.HelpInline</component-family>
            <renderer-type>com.sun.webui.jsf.HelpInline</renderer-type>
            <renderer-class>com.sun.webui.jsf.renderkit.html.HelpInlineRenderer</renderer-class>
        </renderer>
        <renderer>
            <component-family>com.sun.webui.jsf.PageSeparator</component-family>
            <renderer-type>com.sun.webui.jsf.PageSeparator</renderer-type>
            <renderer-class>com.sun.webui.jsf.renderkit.html.PageSeparatorRenderer</renderer-class>
        </renderer>
        <renderer>
            <component-family>com.sun.webui.jsf.Hyperlink</component-family>
            <renderer-type>com.sun.webui.jsf.Hyperlink</renderer-type>
            <renderer-class>com.sun.webui.jsf.renderkit.html.HyperlinkRenderer</renderer-class>
        </renderer>
        <renderer>
            <component-family>com.sun.webui.jsf.Table</component-family>
            <renderer-type>com.sun.webui.jsf.Table</renderer-type>
            <renderer-class>com.sun.webui.jsf.renderkit.html.TableRenderer</renderer-class>
        </renderer>
        <renderer>
            <component-family>com.sun.webui.jsf.IconHyperlink</component-family>
            <renderer-type>com.sun.webui.jsf.IconHyperlink</renderer-type>
            <renderer-class>com.sun.webui.jsf.renderkit.html.IconHyperlinkRenderer</renderer-class>
        </renderer>
        <renderer>
            <component-family>com.sun.webui.jsf.JobStatus</component-family>
            <renderer-type>com.sun.webui.jsf.JobStatus</renderer-type>
            <renderer-class>com.sun.webui.jsf.renderkit.html.JobStatusRenderer</renderer-class>
        </renderer>
        <renderer>
            <component-family>com.sun.webui.jsf.TablePanels</component-family>
            <renderer-type>com.sun.webui.jsf.TablePanels</renderer-type>
            <renderer-class>com.sun.webui.jsf.renderkit.html.TablePanelsRenderer</renderer-class>
        </renderer>
        <renderer>
            <component-family>com.sun.webui.jsf.CalendarMonth</component-family>
            <renderer-type>com.sun.webui.jsf.CalendarMonth</renderer-type>
            <renderer-class>com.sun.webui.jsf.renderkit.html.CalendarMonthRenderer</renderer-class>
        </renderer>
        <renderer>
            <component-family>com.sun.webui.jsf.Meta</component-family>
            <renderer-type>com.sun.webui.jsf.Meta</renderer-type>
            <renderer-class>com.sun.webui.jsf.renderkit.html.MetaRenderer</renderer-class>
        </renderer>
        <renderer>
            <component-family>com.sun.webui.jsf.TreeNode</component-family>
            <renderer-type>com.sun.webui.jsf.TreeNode</renderer-type>
            <renderer-class>com.sun.webui.jsf.renderkit.html.TreeNodeRenderer</renderer-class>
        </renderer>
        <renderer>
            <component-family>com.sun.webui.jsf.SkipHyperlink</component-family>
            <renderer-type>com.sun.webui.jsf.SkipHyperlink</renderer-type>
            <renderer-class>com.sun.webui.jsf.renderkit.html.SkipHyperlinkRenderer</renderer-class>
        </renderer>
        <renderer>
            <component-family>com.sun.webui.jsf.Message</component-family>
            <renderer-type>com.sun.webui.jsf.Message</renderer-type>
            <renderer-class>com.sun.webui.jsf.renderkit.html.MessageRenderer</renderer-class>
        </renderer>
        <renderer>
            <component-family>com.sun.webui.jsf.PasswordField</component-family>
            <renderer-type>com.sun.webui.jsf.PasswordField</renderer-type>
            <renderer-class>com.sun.webui.jsf.renderkit.html.PasswordFieldRenderer</renderer-class>
        </renderer>
        <renderer>
            <component-family>com.sun.webui.jsf.PanelGroup</component-family>
            <renderer-type>com.sun.webui.jsf.PanelGroup</renderer-type>
            <renderer-class>com.sun.webui.jsf.renderkit.html.PanelGroupRenderer</renderer-class>
        </renderer>
        <renderer>
            <component-family>com.sun.webui.jsf.Link</component-family>
            <renderer-type>com.sun.webui.jsf.Link</renderer-type>
            <renderer-class>com.sun.webui.jsf.renderkit.html.LinkRenderer</renderer-class>
        </renderer>
        <renderer>
            <component-family>com.sun.webui.jsf.VersionPage</component-family>
            <renderer-type>com.sun.webui.jsf.VersionPage</renderer-type>
            <renderer-class>com.sun.webui.jsf.renderkit.html.VersionPageRenderer</renderer-class>
        </renderer>
        <renderer>
            <component-family>com.sun.webui.jsf.HelpWindow</component-family>
            <renderer-type>com.sun.webui.jsf.HelpWindow</renderer-type>
            <renderer-class>com.sun.webui.jsf.renderkit.html.HelpWindowRenderer</renderer-class>
        </renderer>
        <renderer>
            <component-family>com.sun.webui.jsf.DropDown</component-family>
            <renderer-type>com.sun.webui.jsf.DropDown</renderer-type>
            <renderer-class>com.sun.webui.jsf.renderkit.html.DropDownRenderer</renderer-class>
        </renderer>
        <renderer>
            <component-family>com.sun.webui.jsf.PanelLayout</component-family>
            <renderer-type>com.sun.webui.jsf.PanelLayout</renderer-type>
            <renderer-class>com.sun.webui.jsf.renderkit.html.PanelLayoutRenderer</renderer-class>
        </renderer>
        <renderer>
            <component-family>com.sun.webui.jsf.RadioButton</component-family>
            <renderer-type>com.sun.webui.jsf.RadioButton</renderer-type>
            <renderer-class>com.sun.webui.jsf.renderkit.html.RadioButtonRenderer</renderer-class>
        </renderer>
        <renderer>
            <component-family>com.sun.webui.jsf.TextField</component-family>
            <renderer-type>com.sun.webui.jsf.TextField</renderer-type>
            <renderer-class>com.sun.webui.jsf.renderkit.html.TextFieldRenderer</renderer-class>
        </renderer>
        <renderer>
            <component-family>com.sun.webui.jsf.AlarmStatus</component-family>
            <renderer-type>com.sun.webui.jsf.AlarmStatus</renderer-type>
            <renderer-class>com.sun.webui.jsf.renderkit.html.AlarmStatusRenderer</renderer-class>
        </renderer>
        <renderer>
            <component-family>com.sun.webui.jsf.Image</component-family>
            <renderer-type>com.sun.webui.jsf.Image</renderer-type>
            <renderer-class>com.sun.webui.jsf.renderkit.html.ImageRenderer</renderer-class>
        </renderer>
        <renderer>
            <component-family>com.sun.webui.jsf.EditableList</component-family>
            <renderer-type>com.sun.webui.jsf.EditableList</renderer-type>
            <renderer-class>com.sun.webui.jsf.renderkit.html.EditableListRenderer</renderer-class>
        </renderer>
        <renderer>
            <component-family>com.sun.webui.jsf.Button</component-family>
            <renderer-type>com.sun.webui.jsf.widget.Button</renderer-type>
            <renderer-class>com.sun.webui.jsf.renderkit.widget.ButtonRenderer</renderer-class>
        </renderer>
        <renderer>
            <component-family>com.sun.webui.jsf.MastFooter</component-family>
            <renderer-type>com.sun.webui.jsf.MastFooter</renderer-type>
            <renderer-class>com.sun.webui.jsf.renderkit.html.MastFooterRenderer</renderer-class>
        </renderer>
        <renderer>
            <component-family>com.sun.webui.jsf.CommonTasksSection</component-family>
            <renderer-type>com.sun.webui.jsf.CommonTasksSection</renderer-type>
            <renderer-class>com.sun.webui.jsf.renderkit.html.CommonTasksSectionRenderer</renderer-class>
        </renderer>
        <renderer>
            <component-family>com.sun.webui.jsf.Legend</component-family>
            <renderer-type>com.sun.webui.jsf.Legend</renderer-type>
            <renderer-class>com.sun.webui.jsf.renderkit.html.LegendRenderer</renderer-class>
        </renderer>
        <renderer>
            <component-family>com.sun.webui.jsf.Upload</component-family>
            <renderer-type>com.sun.webui.jsf.Upload</renderer-type>
            <renderer-class>com.sun.webui.jsf.renderkit.html.UploadRenderer</renderer-class>
        </renderer>
        <renderer>
            <component-family>com.sun.webui.jsf.ProgressBar</component-family>
            <renderer-type>com.sun.webui.jsf.widget.ProgressBar</renderer-type>
            <renderer-class>com.sun.webui.jsf.renderkit.widget.ProgressBarRenderer</renderer-class>
        </renderer>
        <renderer>
            <component-family>com.sun.webui.jsf.PropertySheet</component-family>
            <renderer-type>com.sun.webui.jsf.PropertySheet</renderer-type>
            <renderer-class>com.sun.webui.jsf.renderkit.html.PropertySheetRenderer</renderer-class>
        </renderer>
        <renderer>
            <component-family>com.sun.webui.jsf.Table2RowGroup</component-family>
            <renderer-type>com.sun.webui.jsf.widget.Table2RowGroup</renderer-type>
            <renderer-class>com.sun.webui.jsf.renderkit.widget.Table2RowGroupRenderer</renderer-class>
        </renderer>
        <renderer>
            <component-family>com.sun.webui.jsf.ProgressBar</component-family>
            <renderer-type>com.sun.webui.jsf.ajax.ProgressBar</renderer-type>
            <renderer-class>com.sun.webui.jsf.renderkit.ajax.ProgressBarRenderer</renderer-class>
        </renderer>
    </render-kit>
</faces-config>