<?xml version="1.0" encoding="UTF-8"?>
<feature
      id="org.eclipse.persistence.dbwsbuilder.source"
      label="%featureName"
      version="@VERSION@.@QUALIFIER@"
      provider-name="%providerName">

   <description>
      %description
   </description>

   <copyright>
      %copyright
   </copyright>

   <license url="%licenseURL">
      %license
   </license>

   <url>
      <update label="%updateSiteName" url="%primaryUpdateURL"/>
      <discovery label="%secondaryUpdateSiteName" url="%secondaryUpdateURL"/>
   </url>

   <includes
         id="org.eclipse.persistence.dbws.source"
         version="@VERSION@.@QUALIFIER@"/>

   <plugin
         id="org.eclipse.persistence.oracleddlparser.source"
         download-size="0"
         install-size="0"
         version="@ORACLEDDL_VERSION@"
         unpack="false"/>

   <plugin
         id="org.eclipse.persistence.dbws.builder.source"
         download-size="0"
         install-size="0"
         version="@VERSION@.@QUALIFIER@"
         unpack="false"/>

</feature>
