<?xml version="1.0" encoding="UTF-8"?>
<!--

    Copyright (c) 2018 Oracle and/or its affiliates. All rights reserved.

    This program and the accompanying materials are made available under the
    terms of the Eclipse Public License v. 2.0 which is available at
    http://www.eclipse.org/legal/epl-2.0,
    or the Eclipse Distribution License v. 1.0 which is available at
    http://www.eclipse.org/org/documents/edl-v10.php.

    SPDX-License-Identifier: EPL-2.0 OR BSD-3-Clause

-->

<feature
      id="org.eclipse.persistence.jpa.source"
      label="%featureName"
      version="@VERSION@.@QUALIFIER@"
      provider-name="%providerName">

   <description>
      %description
   </description>

   <copyright>
      %copyright
   </copyright>

   <license url="%licenseURL">
      %license
   </license>

   <url>
      <update label="%updateSiteName" url="%primaryUpdateURL"/>
      <discovery label="%secondaryUpdateSiteName" url="%secondaryUpdateURL"/>
   </url>

   <plugin
         id="org.eclipse.persistence.antlr.source"
         download-size="0"
         install-size="0"
         version="@ANTLR_VERSION@"
         unpack="false"/>

   <plugin
         id="org.eclipse.persistence.asm.source"
         download-size="0"
         install-size="0"
         version="@ASM_VERSION@"
         unpack="false"/>

   <plugin
         id="org.eclipse.persistence.core.source"
         download-size="0"
         install-size="0"
         version="@VERSION@.@QUALIFIER@"
         unpack="false"/>

   <plugin
         id="org.eclipse.persistence.jpa.source"
         download-size="0"
         install-size="0"
         version="@VERSION@.@QUALIFIER@"
         unpack="false"/>

   <plugin
         id="org.eclipse.persistence.jpa.jpql.source"
         download-size="0"
         install-size="0"
         version="@HERMES_VERSION@"
         unpack="false"/>

   <plugin
         id="org.eclipse.persistence.oracle.source"
         download-size="0"
         install-size="0"
         version="@ORACLE_VERSION@"
         unpack="false"/>

</feature>
