<?xml version="1.0" encoding="UTF-8" standalone="yes"?>
<!--

    Copyright (c) 1997, 2018 Oracle and/or its affiliates. All rights reserved.

    This program and the accompanying materials are made available under the
    terms of the Eclipse Distribution License v. 1.0, which is available at
    http://www.eclipse.org/org/documents/edl-v10.php.

    SPDX-License-Identifier: BSD-3-Clause

-->

<bindings wsdlLocation="sts.wsdl" xmlns="http://java.sun.com/xml/ns/jaxws" xmlns:jaxb="http://java.sun.com/xml/ns/jaxb" xmlns:wsdl="http://schemas.xmlsoap.org/wsdl/" xmlns:xsd="http://www.w3.org/2001/XMLSchema">
    <bindings node="wsdl:definitions">
        <package name="simple.sts"/>
        <enableWrapperStyle>false</enableWrapperStyle>
    </bindings>
    <!--
         <bindings node="wsdl:definitions/wsdl:types/xsd:schema[@targetNamespace='http://xmlsoap.org/Ping/Imports']">
         <jaxb:schemaBindings>
         <jaxb:package name="simple.sts"/>
         </jaxb:schemaBindings>
         </bindings>
    -->
    <jaxb:bindings xmlns:jaxb="http://java.sun.com/xml/ns/jaxb" xmlns:xsd="http://www.w3.org/2001/XMLSchema">
        <jaxb:bindings node="/xsd:schema" schemaLocation="sts_schema.xsd">
            <jaxb:schemaBindings>
                <jaxb:package name="simple.server.binding"/>
            </jaxb:schemaBindings>
        </jaxb:bindings>
    </jaxb:bindings>
</bindings>
