<?xml version="1.0" encoding="UTF-8"?>
<!--

    DO NOT ALTER OR REMOVE COPYRIGHT NOTICES OR THIS HEADER.

    Copyright (c) 1997-2010 Oracle and/or its affiliates. All rights reserved.

    The contents of this file are subject to the terms of either the GNU
    General Public License Version 2 only ("GPL") or the Common Development
    and Distribution License("CDDL") (collectively, the "License").  You
    may not use this file except in compliance with the License.  You can
    obtain a copy of the License at
    https://glassfish.dev.java.net/public/CDDL+GPL_1_1.html
    or packager/legal/LICENSE.txt.  See the License for the specific
    language governing permissions and limitations under the License.

    When distributing the software, include this License Header Notice in each
    file and include the License file at packager/legal/LICENSE.txt.

    GPL Classpath Exception:
    Oracle designates this particular file as subject to the "Classpath"
    exception as provided by Oracle in the GPL Version 2 section of the License
    file that accompanied this code.

    Modifications:
    If applicable, add the following below the License Header, with the fields
    enclosed by brackets [] replaced by your own identifying information:
    "Portions Copyright [year] [name of copyright owner]"

    Contributor(s):
    If you wish your version of this file to be governed by only the CDDL or
    only the GPL Version 2, indicate your decision by adding "[Contributor]
    elects to include this software in this distribution under the [CDDL or GPL
    Version 2] license."  If you don't indicate a single choice of license, a
    recipient has the option to distribute your version of this file under
    either the CDDL, the GPL Version 2 or to extend the choice of license to
    its licensees as provided above.  However, if you add GPL Version 2 code
    and therefore, elected the GPL Version 2 license, then the option applies
    only if the new code is made subject to such option by the copyright
    holder.

-->

<project name="GlassFishV3.1" basedir=".">

    <!-- JARs that may be packaged in WEB-INF/lib
  in order for the implementation to run
  properly if they aren't availabe in the
  container's classloader.

  This is a comma separated list of fully
  qualified JARs -->

    <property name="webapp.jars" value=""/>

    <property name="instance.numbers" value="1,2" />

    <property name="glassfish.custom.domain" value="mojarra-domain" />
    <property name="glassfish.cluster" value="mojarra-cluster" />
    <property name="glassfish.custom.admin.port" value="60048" />
    <property name="glassfish.cluster.admin.port" value="4949" />
    <property name="glassfish.portbase.tenthousandsplace" value="6" />
    <property name="glassfish.portbase" value="${glassfish.portbase.tenthousandsplace}0000" />
    <property name="container.ssl.port" value="8181" />
    <property name="container.jms.port" value="7676" />
    <property name="container.iiop.port" value="3700" />
    <property name="container.iiop.ssl.port" value="3820" />
    <property name="container.iiop.ssl.mutualauth.port" value="3920" />
    <property name="container.jmx.port" value="8686" />
    <property name="container.gms.port" value="9490" />
    <property name="container.debug.port" value="9009" />


    <!-- Required Targets -->
    <macrodef name="deploy.artifact">
        <attribute name="artifact"
                   description="The WAR to deploy"/>
        <attribute name="appName"
                   description="The name of the application"/>
        <attribute name="use-virtual-servers"
                   description="If true, deploy to the virtual servers."
                   default="false"/>
        <attribute name="osgi"
                   description="If true, deploy with --type osgi."
                   default="false"/>
        <sequential>
            <condition property="exec.name" value="cmd.exe">
                <os family="windows"/>
            </condition>
            <condition property="exec.arg.1"
                       value="/c ${container.home}/bin/asadmin">
                <os family="windows"/>
            </condition>
            <property name="exec.name" value="${container.home}/bin/asadmin"/>
            <property name="exec.arg.1" value=""/>
            <echo>

---------------- Glassfish - Deploying @{appName} ---------------- 

            </echo>
            <condition property="target"
                       value="--target ${glassfish.cluster}">
                <not>
                  <equals arg1="${force.no.cluster}" casesensitive="false" trim="true"
                          arg2="true" />
                </not>
            </condition>
            <condition property="availabilityenabled"
                       value="--availabilityenabled true">
                <not>
                  <equals arg1="${force.no.cluster}" casesensitive="false" trim="true"
                          arg2="true" />
                </not>
            </condition>
            <property name="target" value="" />
            <property name="availabilityenabled" value="" />
            <if>
              <equals arg1="@{osgi}"
                      casesensitive="false" trim="true"
                      arg2="true" />
                <then>
                  <sequential>
                      <property name="osgi-value" value="--type osgi" />
                  </sequential>
                </then>
            </if>
            <property name="osgi-value" value="" />
            <echo message="osgi-value: ${osgi-value}" />
            <exec executable="${exec.name}" failonerror="true">
                <arg line="${exec.arg.1}"/>
                <arg line="--port ${glassfish.custom.admin.port}"/>
                <arg line="deploy"/>
                <arg line="${osgi-value}"/>
                <arg line="${availabilityenabled}"/>
                <arg line="${target}"/>
                <arg line="@{artifact}"/>
            </exec>
        </sequential>
    </macrodef>

    <macrodef name="non.ant.deploy.artifact">
        <attribute name="artifact"
                   description="The WAR to deploy"/>
        <attribute name="appName"
                   description="The name of the application"/>
        <sequential>
          <condition property="exec.name" value="cmd.exe">
            <os family="windows"/>
          </condition>
          <condition property="exec.arg.1"
                     value="${container.home}/bin/asadmin.bat">
            <os family="windows"/>
          </condition>
          <echo>

---------------- Glassfish - Deploying @{appName} ---------------- 

          </echo>
          <exec spawn="true" executable="${exec.name}">
            <arg value="/c" />
            <arg line="${exec.arg.1}" />
            <arg line="deploy"/>
            <arg line="--user ${glassfish.admin.user}"/>
            <arg line="--passwordfile ${glassfish.password.file}"/>
            <arg line="--host ${glassfish.admin.host}"/>
            <arg line="--port ${glassfish.admin.port}"/>
            <arg line="--contextroot @{appName} @{artifact}"/>
          </exec>
        </sequential>
    </macrodef>

    <macrodef name="deploydir.artifact">
        <attribute name="explodedWarDir"
                   description="The exploded war directory to deploy"/>
        <attribute name="appName"
                   description="The name of the application"/>
        <sequential>
            <condition property="exec.name" value="cmd.exe">
                <os family="windows"/>
            </condition>
            <condition property="exec.arg.1"
                       value="/c ${container.home}/bin/asadmin">
                <os family="windows"/>
            </condition>
            <property name="exec.name" value="${container.home}/bin/asadmin"/>
            <property name="exec.arg.1" value=""/>
            <condition property="target"
                       value="--target ${glassfish.cluster}">
                <not>
                  <equals arg1="${force.no.cluster}" casesensitive="false" trim="true"
                          arg2="true" />
                </not>
            </condition>
            <condition property="availabilityenabled"
                       value="--availabilityenabled true">
                <not>
                  <equals arg1="${force.no.cluster}" casesensitive="false" trim="true"
                          arg2="true" />
                </not>
            </condition>
            <property name="target" value="" />
            <property name="availabilityenabled" value="" />
            <echo>

---------------- Glassfish - Deploying @{appName} ---------------- 

            </echo>
            <exec executable="${exec.name}" failonerror="true">
                <arg line="${exec.arg.1}"/>
                <arg line="--port ${glassfish.custom.admin.port}"/>
                <arg line="deploydir"/>
                <arg line="${availabilityenabled}"/>
                <arg line="${target}"/>
                <arg line="--contextroot @{appName} @{explodedWarDir}"/>
            </exec>
        </sequential>
    </macrodef>


    <macrodef name="undeploy.artifact">
        <attribute name="artifact"
                   description="The WAR to deploy"/>
        <attribute name="appName"
                   description="The name of the application"/>
        <sequential>
            <condition property="exec.name" value="cmd.exe">
                <os family="windows"/>
            </condition>
            <condition property="exec.arg.1"
                       value="/c ${container.home}/bin/asadmin">
                <os family="windows"/>
            </condition>
            <property name="exec.name" value="${container.home}/bin/asadmin"/>
            <property name="exec.arg.1" value=""/>
            <condition property="target"
                       value="--target ${glassfish.cluster}">
                <not>
                  <equals arg1="${force.no.cluster}" casesensitive="false" trim="true"
                          arg2="true" />
                </not>
            </condition>
            <property name="target" value="" />
            <echo>

---------------- Glassfish - Undeploying @{appName} ---------------- 

            </echo>
            <exec executable="${exec.name}">
                <arg line="${exec.arg.1}"/>
                <arg line="--port ${glassfish.custom.admin.port}"/>
                <arg line="undeploy"/>
                <arg line="${target}"/>
                <arg line="@{appName}"/>
            </exec>
        </sequential>
    </macrodef>

    <target name="config.container">
    </target>

    <!-- Require target to display information about the build environment -->
    <target name="props">
        <echo message="PENDING - Please add a message"/>
        <echo message="container.home->${container.home}" />
        <echo message="javaee.jar->${container.home}/lib/javaee.jar" />
    </target>

    <target name="update.impl.manifest">
        <echo message="PENDING - Please implement"/>
    </target>

    <target name="container.deploy" 
            description="Deploy the JSF Implementation artifacts to the target container.">
        <if>
            <os family="windows"/>
            <then>
                <container.stop/>
            </then>
        </if>
        <delete failonerror="false" 
                file="${container.home}/modules/jsf-api.jar" />
        <delete failonerror="false" 
                file="${container.home}/modules/jsf-impl.jar" />

        <copy overwrite="true" file="${impl.dir}/build/lib/javax.faces.jar" toFile="${container.home}/modules/javax.faces.jar"/>

        <if>
            <os family="windows"/>
            <then>
                <!-- container.start/ -->
                <echo>The container may have been stopped. Please restart it, if
                    needed.
                </echo>
            </then>
        </if>       
    </target>


    <target name="container.deploy.test.dependencies"
            description="Deploy any container level dependencies to the container.">
        <if>
            <os family="windows"/>
            <then>
                <container.stop/>
            </then>
        </if>

        <copy overwrite="true" file="${groovy.jar}" todir="${container.home}/modules"/>

        <if>
            <os family="windows"/>
            <then>
                <!-- container.start/ -->
                <echo>The container may have been stopped. Please restart it, if
                    needed.
                </echo>
            </then>
        </if>       
    </target>

    <target name="container.undeploy.test.dependencies"
            description="Undeploy any container level dependencies from the container.">
        <if>
            <os family="windows"/>
            <then>
                <container.stop/>
            </then>
        </if>

        <delete file="${container.home}/modules/${groovy.jar}"/>

        <if>
            <os family="windows"/>
            <then>
                <!-- container.start/ -->
                <echo>The container may have been stopped. Please restart it, if
                    needed.
                </echo>
            </then>
        </if>       
    </target>

    <target name="container.start"
            description="Start the GlassFish container">
        <var name="create-domain-value" value="true" />
        <var name="create-cluster-value" value="true" />
        <if>
          <equals arg1="${create-domain}" 
                  casesensitive="false" trim="true"
                  arg2="false" />
          <then>
            <var name="create-domain-value" value="false" />
          </then>
        </if>
        <if>
          <equals arg1="${create-cluster}" 
                  casesensitive="false" trim="true"
                  arg2="false" />
          <then>
            <var name="create-cluster-value" value="false" />
          </then>
        </if>
        <echo>
--------- Starting container, create-domain: ${create-domain-value} create-cluster: ${create-cluster-value}
        </echo>
        <container.start create-domain="${create-domain-value}"
                         create-cluster="${create-cluster-value}" failonerror="false"/>
    </target>

    <target name="container.debug"
            description="Start the GlassFish container in debug mode">
        <var name="create-domain-value" value="true" />
        <var name="create-cluster-value" value="true" />
        <if>
          <equals arg1="${create-domain}" 
                  casesensitive="false" trim="true"
                  arg2="false" />
          <then>
            <var name="create-domain-value" value="false" />
          </then>
        </if>
        <if>
          <equals arg1="${create-cluster}" 
                  casesensitive="false" trim="true"
                  arg2="false" />
          <then>
            <var name="create-cluster-value" value="false" />
          </then>
        </if>
        <echo>
--------- Starting container in debug mode, create-domain: ${create-domain-value} create-cluster: ${create-cluster-value}
        </echo>
        <container.debug create-domain="${create-domain-value}"
                         create-cluster="${create-cluster-value}"/>
    </target>

    <target name="container.stop"
            description="Stop the GlassFish container">
        <var name="create-domain-value" value="true" />
        <var name="create-cluster-value" value="true" />
        <if>
          <equals arg1="${create-domain}" 
                  casesensitive="false" trim="true"
                  arg2="false" />
          <then>
            <var name="create-domain-value" value="false" />
          </then>
        </if>
        <if>
          <equals arg1="${create-cluster}" 
                  casesensitive="false" trim="true"
                  arg2="false" />
          <then>
            <var name="create-cluster-value" value="false" />
          </then>
        </if>
        <echo>
--------- Stopping container, create-domain: ${create-domain-value} create-cluster: ${create-cluster-value}
        </echo>
        <container.stop create-domain="${create-domain-value}"
                        create-cluster="${create-cluster-value}"/>
    </target>

    <target name="container.init.osgi"
            description="Configure GlassFish 3.1 for OSGi WAB deployment">
        <echo>
---------  Configuring GlassFish 3.1 for OSGi WAB deployment
        </echo>
        <container.start failonerror="false"/>
        <exec executable="${container.home}/bin/asadmin"
                          failonerror="false">
           <arg line="--port ${glassfish.custom.admin.port}"/>
           <arg line="delete-jvm-options"/>
           <arg line="--target mojarra-cluster-config"/>
           <arg line="-Dorg.glassfish.additionalOSGiBundlesToStart='org.apache.felix.shell,org.apache.felix.gogo.runtime,org.apache.felix.gogo.shell,org.apache.felix.gogo.command'"/>
         </exec>
         <exec executable="${container.home}/bin/asadmin"
                          failonerror="false">
           <arg line="--port ${glassfish.custom.admin.port}"/>
           <arg line="delete-jvm-options"/>
           <arg line="--target mojarra-cluster-config"/>
           <arg line="-Dorg.glassfish.additionalOSGiBundlesToStart='org.apache.felix.shell,org.apache.felix.gogo.runtime,org.apache.felix.gogo.shell,org.apache.felix.shell.remote,org.apache.felix.fileinstall'"/>
         </exec>
         <exec executable="${container.home}/bin/asadmin"
                          failonerror="true">
           <arg line="--port ${glassfish.custom.admin.port}"/>
           <arg line="create-jvm-options"/>
           <arg line="--target mojarra-cluster-config"/>
           <arg line="-Dorg.glassfish.additionalOSGiBundlesToStart='org.apache.felix.shell,org.apache.felix.gogo.runtime,org.apache.felix.gogo.shell,org.apache.felix.shell.remote,org.apache.felix.fileinstall'"/>
         </exec>
         <container.stop create-domain="false" create-cluster="false"/>
    </target>

    <target name="container.restart"
            description="Stop the GlassFish container">
        <container.stop/>
        <container.start/>
    </target>

    <target name="define.scenario.aware.port">
        <condition property="scenario.aware.port" value="${glassfish.portbase.tenthousandsplace}0080">
          <equals arg1="${force.no.cluster}" casesensitive="false" trim="true"
                  arg2="true" />
        </condition>
        <if>
          <not>
            <equals arg1="${force.no.cluster}" casesensitive="false" trim="true"
                    arg2="true" />
          </not>
          <then>
            <property name="scenario.aware.port" 
                      value="${container.port}" />
          </then>
        </if>
        <echo message="scenario.aware.port = ${scenario.aware.port}" />
    </target>

    <target name="define.virtual-server.aware.port">
      <property name="scenario.aware.port" value="${container.port}" />
    </target>


    <macrodef name="container.start"
            description="Start the GlassFish container">
        <attribute name="create-domain" default="true"/>
        <attribute name="create-cluster" default="true"/>
        <attribute name="failonerror" default="true"/>
        <sequential>
            <start.domain create-domain="@{create-domain}" 
                          create-cluster="@{create-cluster}"
                          failonerror="@{failonerror}"/>
        </sequential>
    </macrodef>

    <macrodef name="container.debug"
            description="Start the GlassFish container in debug mode">
        <attribute name="create-domain" default="true"/>
        <attribute name="create-cluster" default="true"/>
        <sequential>
            <debug.domain create-domain="@{create-domain}"
                          create-cluster="@{create-cluster}"/>
        </sequential>
    </macrodef>


    <macrodef name="container.stop"
            description="Stop the GlassFish container">
        <attribute name="create-domain" default="true"/>
        <attribute name="create-cluster" default="true"/>
        <sequential>
            <stop.domain create-domain="@{create-domain}"
                         create-cluster="@{create-cluster}"/>
        </sequential>
    </macrodef>

    <!-- 'PRIVATE' targets -->
    <macrodef name="start.domain">
        <attribute name="create-domain" default="true"/>
        <attribute name="create-cluster" default="true"/>
        <attribute name="failonerror" default="true"/>

        <sequential>
            <echo>

"------------ Starting ${glassfish.custom.domain} force.no.cluster ${force.no.cluster} ------------"

            </echo>
            <if>
                <os family="unix"/>
                <then>
                  <sequential>
                    <if>
                        <equals arg1="@{create-domain}" 
                                casesensitive="false" trim="true"
                                arg2="true" />
                        <then>
			  <exec executable="${container.home}/bin/asadmin"
				failonerror="@{failonerror}">
			      <arg line="create-domain"/>
			      <arg line="--user ${glassfish.admin.user}"/>
			      <arg line="--passwordfile ${glassfish.password.file}"/>
			      <arg line="--portbase ${glassfish.portbase}"/>
			      <arg line="${glassfish.custom.domain}"/>
			  </exec>
                        </then>
                    </if>
                    <exec executable="${container.home}/bin/asadmin"
				failonerror="@{failonerror}">
                        <arg line="start-domain"/>
                        <arg line="--user ${glassfish.admin.user}"/>
                        <arg line="${glassfish.custom.domain}"/>
                    </exec>
                    <if>
                      <not>
                        <equals arg1="${force.no.cluster}" 
                                casesensitive="false" trim="true"
                                arg2="true" />
                      </not>
                      <then>
                        <start.cluster create-cluster="@{create-cluster}"
				failonerror="@{failonerror}"/>
                      </then>
                      <else>
			<waitfor>
			    <http url="http://${container.host}:${glassfish.portbase.tenthousandsplace}0080"/>
			</waitfor>
                      </else>
                    </if>
                  </sequential>
                </then>
                <else>
                  <sequential>
                    <if>
                        <equals arg1="@{create-domain}" 
                                casesensitive="false" trim="true"
                                arg2="true" />
                        <then>
			  <exec executable="${container.home}/bin/asadmin.bat"
				failonerror="@{failonerror}">
			      <arg line="create-domain"/>
			      <arg line="--user ${glassfish.admin.user}"/>
			      <arg line="--passwordfile ${glassfish.password.file}"/>
			      <arg line="--portbase ${glassfish.portbase}"/>
			      <arg line="${glassfish.custom.domain}"/>
			  </exec>
                        </then>
                    </if>
                    <exec executable="${container.home}/bin/asadmin.bat"
				failonerror="@{failonerror}">
                          spawn="true">
                        <arg line="start-domain"/>
                        <arg line="--user ${glassfish.admin.user}"/>
                        <arg line="${glassfish.custom.domain}"/>
                    </exec>
                    <if>
                      <not>
                        <equals arg1="${force.no.cluster}" 
                                casesensitive="false" trim="true"
                                arg2="true" />
                      </not>
                      <then>
                        <start.cluster create-cluster="@{create-cluster}"
				failonerror="@{failonerror}"/>
                      </then>
                      <else>
			<waitfor>
			    <http url="http://${container.host}:${glassfish.portbase.tenthousandsplace}0080"/>
			</waitfor>
                      </else>
                    </if>
                  </sequential>
                </else>
            </if>
        </sequential>
    </macrodef>

    <macrodef name="start.cluster">
        <attribute name="create-cluster" default="true"/>
        <attribute name="failonerror" default="true"/>
        <sequential>
            <echo>

"------------ Starting ${glassfish.cluster} ------------"

            </echo>
            <if>
                <os family="unix"/>
                <then>
                    <if>
                        <equals arg1="@{create-cluster}" 
                                casesensitive="false" trim="true"
                                arg2="true" />
                        <then>
			  <exec executable="${container.home}/bin/asadmin"
				failonerror="@{failonerror}">
			      <arg line="--port ${glassfish.custom.admin.port}"/>
			      <arg line="create-cluster"/>
			      <arg line="--systemproperties ASADMIN_LISTENER_PORT=${glassfish.cluster.admin.port}"/>
			      <arg line="${glassfish.cluster}"/>
			  </exec>

			  <for list="${instance.numbers}" param="num" trim="true">
			    <sequential>
			      <exec executable="${container.home}/bin/asadmin"
				failonerror="@{failonerror}">
				  <arg line="--port ${glassfish.custom.admin.port}"/>
				  <arg line="create-local-instance"/>
				  <arg line="--cluster ${glassfish.cluster}"/>
				  <arg line="--systemproperties ASADMIN_LISTENER_PORT=@{num}${glassfish.admin.port}:HTTP_LISTENER_PORT=@{num}${container.port}:HTTP_SSL_LISTENER_PORT=@{num}${container.ssl.port}:JMS_PROVIDER_PORT=@{num}${container.jms.port}:IIOP_LISTENER_PORT=@{num}${container.iiop.port}:IIOP_SSL_LISTENER_PORT=@{num}${container.iiop.ssl.port}:IIOP_SSL_MUTUALAUTH_PORT=@{num}${container.iiop.ssl.mutualauth.port}:JMX_SYSTEM_CONNECTOR_PORT=@{num}${container.jmx.port}:GMS_BIND_INTERFACE_ADDRESS-${glassfish.cluster}=${container.host}:GMS_LISTENER_PORT-${glassfish.cluster}=@{num}${container.gms.port}"/>
				  <arg line="${glassfish.cluster}@{num}"/>
			      </exec>
			    </sequential>
			  </for>
                      </then>
                    </if>
                    <exec executable="${container.home}/bin/asadmin"
				failonerror="@{failonerror}">
                        <arg line="--port ${glassfish.custom.admin.port}"/>
                        <arg line="start-cluster"/>
                        <arg line="${glassfish.cluster}"/>
                    </exec>
                    <for list="${instance.numbers}" param="num" trim="true">
                      <sequential>
			<waitfor>
			    <http url="http://${container.host}:@{num}${container.port}"/>
			</waitfor>
                      </sequential>
                    </for>
                </then>
                <else>
                    <if>
                        <equals arg1="@{create-cluster}" 
                                casesensitive="false" trim="true"
                                arg2="true" />
                        <then>
			<exec executable="${container.home}/bin/asadmin.bat"
				failonerror="@{failonerror}">
			    <arg line="--port ${glassfish.custom.admin.port}"/>
			    <arg line="create-cluster"/>
			    <arg line="--systemproperties ASADMIN_LISTENER_PORT=${glassfish.cluster.admin.port}"/>
			    <arg line="${glassfish.cluster}"/>
			</exec>

			<for list="${instance.numbers}" param="num" trim="true">
			  <sequential>
			    <exec executable="${container.home}/bin/asadmin.bat"
				failonerror="@{failonerror}">
				<arg line="--port ${glassfish.custom.admin.port}"/>
				<arg line="create-local-instance"/>
				<arg line="--cluster ${glassfish.cluster}"/>
				<arg line="--systemproperties ASADMIN_LISTENER_PORT=@{num}${glassfish.admin.port}:HTTP_LISTENER_PORT=@{num}${container.port}:HTTP_SSL_LISTENER_PORT=@{num}${container.ssl.port}:JMS_PROVIDER_PORT=@{num}${container.jms.port}:IIOP_LISTENER_PORT=@{num}${container.iiop.port}:IIOP_SSL_LISTENER_PORT=@{num}${container.iiop.ssl.port}:IIOP_SSL_MUTUALAUTH_PORT=@{num}${container.iiop.ssl.mutualauth.port}:JMX_SYSTEM_CONNECTOR_PORT=@{num}${container.jmx.port}:GMS_BIND_INTERFACE_ADDRESS-${glassfish.cluster}=${container.host}:GMS_LISTENER_PORT-${glassfish.cluster}=@{num}${container.gms.port}"/>
				<arg line="${glassfish.cluster}@{num}"/>
			    </exec>
			  </sequential>
			</for>
                      </then>
                    </if>
                    <exec executable="${container.home}/bin/asadmin.bat"
				failonerror="@{failonerror}">
                        <arg line="--port ${glassfish.custom.admin.port}"/>
                        <arg line="start-cluster"/>
                        <arg line="${glassfish.cluster}"/>
                    </exec>
                    <for list="${instance.numbers}" param="num" trim="true">
                      <sequential>
			<waitfor>
			    <http url="http://${container.host}:@{num}${container.port}"/>
			</waitfor>
                      </sequential>
                    </for>
                </else>
            </if>
        </sequential>
    </macrodef>

    <macrodef name="debug.cluster">
        <attribute name="create-cluster" default="true"/>
        <sequential>
            <echo>

"------------ Starting ${glassfish.cluster} in debug mode ------------"

            </echo>
            <if>
                <os family="unix"/>
                <then>
                    <if>
                        <equals arg1="@{create-cluster}" 
                                casesensitive="false" trim="true"
                                arg2="true" />
                        <then>
                            <echo>

"------------ Creating ${glassfish.cluster} ------------"

                            </echo>
			    <exec executable="${container.home}/bin/asadmin"
				  failonerror="true">
				<arg line="--port ${glassfish.custom.admin.port}"/>
				<arg line="create-cluster"/>
				<arg line="--systemproperties ASADMIN_LISTENER_PORT=${glassfish.cluster.admin.port}"/>
				<arg line="${glassfish.cluster}"/>
			    </exec>

			    <for list="${instance.numbers}" param="num" trim="true">
			      <sequential>
                                <echo>

"------------ Creating local instance ${glassfish.cluster}@{num} ------------"

                                </echo>
				<exec executable="${container.home}/bin/asadmin"
				      failonerror="true">
				    <arg line="--port ${glassfish.custom.admin.port}"/>
				    <arg line="create-local-instance"/>
				    <arg line="--cluster ${glassfish.cluster}"/>
				    <arg line="--systemproperties JAVA_DEBUGGER_PORT=@{num}${container.debug.port}:ASADMIN_LISTENER_PORT=@{num}${glassfish.admin.port}:HTTP_LISTENER_PORT=@{num}${container.port}:HTTP_SSL_LISTENER_PORT=@{num}${container.ssl.port}:JMS_PROVIDER_PORT=@{num}${container.jms.port}:IIOP_LISTENER_PORT=@{num}${container.iiop.port}:IIOP_SSL_LISTENER_PORT=@{num}${container.iiop.ssl.port}:IIOP_SSL_MUTUALAUTH_PORT=@{num}${container.iiop.ssl.mutualauth.port}:JMX_SYSTEM_CONNECTOR_PORT=@{num}${container.jmx.port}:GMS_BIND_INTERFACE_ADDRESS-${glassfish.cluster}=${container.host}:GMS_LISTENER_PORT-${glassfish.cluster}=@{num}${container.gms.port}"/>
				    <arg line="${glassfish.cluster}@{num}"/>
				</exec>
			      </sequential>
			    </for>
                        </then>
                    </if>
                    <for list="${instance.numbers}" param="num" trim="true">
                      <sequential>
                       <echo>

"------------ Starting local instance ${glassfish.cluster}@{num} with debug enabled ------------"

                       </echo>
                       <exec executable="${container.home}/bin/asadmin"
       			           failonerror="true">
				   <arg line="start-instance"/>
				   <arg line="--user ${glassfish.admin.user}"/>
				   <arg line="--passwordfile ${glassfish.password.file}"/>
			           <arg line="--port ${glassfish.custom.admin.port}"/>
                                   <arg line="--debug=true"/>
			           <arg line="${glassfish.cluster}@{num}"/>
                        </exec>
			<waitfor>
			    <http url="http://${container.host}:@{num}${container.port}"/>
			</waitfor>
                      </sequential>
                    </for>
                </then>
                <else>
                    <if>
                        <equals arg1="@{create-cluster}" 
                                casesensitive="false" trim="true"
                                arg2="true" />
                        <then>
			    <exec executable="${container.home}/bin/asadmin.bat"
				  failonerror="true">
				<arg line="--port ${glassfish.custom.admin.port}"/>
				<arg line="create-cluster"/>
				<arg line="--systemproperties ASADMIN_LISTENER_PORT=${glassfish.cluster.admin.port}"/>
				<arg line="${glassfish.cluster}"/>
			    </exec>

			    <for list="${instance.numbers}" param="num" trim="true">
			      <sequential>
				<exec executable="${container.home}/bin/asadmin.bat"
				      failonerror="true">
				    <arg line="--port ${glassfish.custom.admin.port}"/>
				    <arg line="create-local-instance"/>
				    <arg line="--cluster ${glassfish.cluster}"/>
				    <arg line="--systemproperties ASADMIN_LISTENER_PORT=@{num}${glassfish.admin.port}:HTTP_LISTENER_PORT=@{num}${container.port}:HTTP_SSL_LISTENER_PORT=@{num}${container.ssl.port}:JMS_PROVIDER_PORT=@{num}${container.jms.port}:IIOP_LISTENER_PORT=@{num}${container.iiop.port}:IIOP_SSL_LISTENER_PORT=@{num}${container.iiop.ssl.port}:IIOP_SSL_MUTUALAUTH_PORT=@{num}${container.iiop.ssl.mutualauth.port}:JMX_SYSTEM_CONNECTOR_PORT=@{num}${container.jmx.port}:GMS_BIND_INTERFACE_ADDRESS-${glassfish.cluster}=${container.host}:GMS_LISTENER_PORT-${glassfish.cluster}=@{num}${container.gms.port}"/>
				    <arg line="${glassfish.cluster}@{num}"/>
				</exec>
                                <exec executable="${container.home}/bin/asadmin.bat"
       			           failonerror="true">
	  			     <arg line="start-instance"/>
				     <arg line="--user ${glassfish.admin.user}"/>
				     <arg line="--passwordfile ${glassfish.password.file}"/>
			             <arg line="--port ${glassfish.custom.admin.port}"/>
                                     <arg line="--debug=true"/>
			             <arg line="${glassfish.cluster}@{num}"/>
                                </exec>
			      </sequential>
			    </for>
                        </then>
                    </if>
                    <for list="${instance.numbers}" param="num" trim="true">
                      <sequential>
			<waitfor>
			    <http url="http://${container.host}:@{num}${container.port}"/>
			</waitfor>
                      </sequential>
                    </for>
                </else>
            </if>
        </sequential>
    </macrodef>

    <macrodef name="stop.cluster">
        <attribute name="create-cluster" default="true"/>
        <sequential>
            <echo>

"------------ Stopping ${glassfish.cluster} ------------"

            </echo>
            <if>
                <os family="unix"/>
                <then>
                    <exec executable="${container.home}/bin/asadmin" 
                          failonerror="false">
                        <arg line="--port ${glassfish.custom.admin.port}"/>
                        <arg line="stop-cluster"/>
                        <arg line="${glassfish.cluster}"/>
                    </exec>
                    <if>
                        <equals arg1="@{create-cluster}" 
                                casesensitive="false" trim="true"
                                arg2="true" />
                        <then>
			    <for list="${instance.numbers}" param="num" trim="true">
			      <sequential>
				<exec executable="${container.home}/bin/asadmin"
				      failonerror="false">
				    <arg line="--port ${glassfish.custom.admin.port}"/>
				    <arg line="delete-local-instance"/>
				    <arg line="${glassfish.cluster}@{num}"/>
				</exec>
			      </sequential>
			    </for>
			    <exec executable="${container.home}/bin/asadmin"
				  failonerror="false">
				<arg line="--port ${glassfish.custom.admin.port}"/>
				<arg line="delete-cluster"/>
				<arg line="${glassfish.cluster}"/>
			    </exec>
                        </then>
                    </if>
                </then>
                <else>
                    <exec executable="${container.home}/bin/asadmin.bat"
                          failonerror="false">
                        <arg line="--port ${glassfish.custom.admin.port}"/>
                        <arg line="stop-cluster"/>
                        <arg line="${glassfish.cluster}"/>
                    </exec>
                    <if>
                        <equals arg1="@{create-cluster}" 
                                casesensitive="false" trim="true"
                                arg2="true" />
                        <then>
			   <for list="${instance.numbers}" param="num" trim="true">
			     <sequential>
			       <exec executable="${container.home}/bin/asadmin.bat"
				     failonerror="false">
				   <arg line="--port ${glassfish.custom.admin.port}"/>
				   <arg line="delete-local-instance"/>
				   <arg line="${glassfish.cluster}@{num}"/>
			       </exec>
			     </sequential>
			   </for>
			   <exec executable="${container.home}/bin/asadmin.bat"
				 failonerror="false">
			       <arg line="--port ${glassfish.custom.admin.port}"/>
			       <arg line="delete-cluster"/>
			       <arg line="${glassfish.cluster}"/>
			   </exec>
                       </then>
                    </if>
		</else>
            </if>
        </sequential>
    </macrodef>


    <macrodef name="debug.domain">
        <attribute name="create-domain" default="true"/>
        <attribute name="create-cluster" default="true"/>
        <sequential>
            <echo>

"------------ Starting ${glassfish.custom.domain} in debug mode------------"

            </echo>
            <if>
                <os family="unix"/>
                <then>
                    <if>
                        <equals arg1="@{create-domain}" 
                                casesensitive="false" trim="true"
                                arg2="true" />
                        <then>
			  <exec executable="${container.home}/bin/asadmin"
				failonerror="true">
			      <arg line="create-domain"/>
			      <arg line="--user ${glassfish.admin.user}"/>
			      <arg line="--passwordfile ${glassfish.password.file}"/>
			      <arg line="--portbase ${glassfish.portbase}"/>
			      <arg line="${glassfish.custom.domain}"/>
			  </exec>
                        </then>
                    </if>
                    <exec executable="${container.home}/bin/asadmin"
                          failonerror="true">
                        <arg line="start-domain"/>
                        <arg line="--debug true"/>
                        <arg line="--user ${glassfish.admin.user}"/>
                        <arg line="${glassfish.custom.domain}"/>
                    </exec>
                    <if>
                      <not>
                        <equals arg1="${force.no.cluster}" 
                                casesensitive="false" trim="true"
                                arg2="true" />
                      </not>
                      <then>
                        <debug.cluster create-cluster="@{create-cluster}"/>
                      </then>
                      <else>
			<waitfor>
			    <http url="http://${container.host}:${glassfish.portbase.tenthousandsplace}0080"/>
			</waitfor>
                      </else>
                    </if>
                </then>
                <else>
                    <if>
                        <equals arg1="@{create-domain}" 
                                casesensitive="false" trim="true"
                                arg2="true" />
                        <then>
			  <exec executable="${container.home}/bin/asadmin.bat"
				failonerror="true">
			      <arg line="create-domain"/>
			      <arg line="--user ${glassfish.admin.user}"/>
			      <arg line="--passwordfile ${glassfish.password.file}"/>
			      <arg line="--portbase ${glassfish.portbase}"/>
			      <arg line="${glassfish.custom.domain}"/>
			  </exec>
                        </then>
                    </if>
                    <exec executable="${container.home}/bin/asadmin.bat"
                          spawn="true">
                        <arg line="start-domain"/>
                        <arg line="--user ${glassfish.admin.user}"/>
                        <arg line="${glassfish.custom.domain}"/>
                    </exec>
                    <if>
                      <not>
                        <equals arg1="${force.no.cluster}" 
                                casesensitive="false" trim="true"
                                arg2="true" />
                      </not>
                      <then>
                        <debug.cluster create-cluster="@{create-cluster}"/>
                      </then>
                      <else>
			<waitfor>
			    <http url="http://${container.host}:${glassfish.portbase.tenthousandsplace}0080"/>
			</waitfor>
                      </else>
                    </if>
                </else>
            </if>
        </sequential>
    </macrodef>

    <macrodef name="stop.domain">
        <attribute name="create-domain" default="true"/>
        <attribute name="create-cluster" default="true"/>
        <sequential>
            <if>
                <os family="unix"/>
                <then>
                    <if>
                      <not>
                        <equals arg1="${force.no.cluster}" 
                                casesensitive="false" trim="true"
                                arg2="true" />
                      </not>
                      <then>
                        <stop.cluster create-cluster="@{create-cluster}"/>
                      </then>
                    </if>
                    <echo>

"------------ Stopping ${glassfish.custom.domain} ------------"

                    </echo>
                    <exec executable="${container.home}/bin/asadmin">
                        <arg line="stop-domain"/>
                        <arg line="${glassfish.custom.domain}"/>
                    </exec>
                    <if>
                        <equals arg1="@{create-domain}" 
                                casesensitive="false" trim="true"
                                arg2="true" />
                        <then>
			  <exec executable="${container.home}/bin/asadmin">
			      <arg line="delete-domain"/>
			      <arg line="${glassfish.custom.domain}"/>
			  </exec>
                        </then>
                    </if>
                </then>
                <else>
                    <if>
                      <not>
                        <equals arg1="${force.no.cluster}" 
                                casesensitive="false" trim="true"
                                arg2="true" />
                      </not>
                      <then>
                        <stop.cluster create-cluster="@{create-cluster}"/>
                      </then>
                    </if>
                    <echo>

"------------ Stopping ${glassfish.custom.domain} ------------"

                    </echo>
                    <exec executable="${container.home}/bin/asadmin.bat"
                          spawn="true">
                        <arg line="stop-domain"/>
                        <arg line="${glassfish.custom.domain}"/>
                    </exec>
                    <if>
                        <equals arg1="@{create-domain}" 
                                casesensitive="false" trim="true"
                                arg2="true" />
                        <then>
			  <exec executable="${container.home}/bin/asadmin.bat"
				spawn="true">
			      <arg line="delete-domain"/>
			      <arg line="${glassfish.custom.domain}"/>
			  </exec>
                        </then>
                    </if>
                </else>
            </if>
        </sequential>
    </macrodef>


    <!-- ************ Compiler Defaults *************************************** -->


    <!-- ************ Executable Targets ************************************** -->

    <target name="main">
    </target>


</project>

