<?xml version="1.0" encoding="utf-8"?><wsdl:definitions name="MtomService" targetNamespace="http://tempuri.org/" xmlns:wsdl="http://schemas.xmlsoap.org/wsdl/" xmlns:soap="http://schemas.xmlsoap.org/wsdl/soap/" xmlns:wsu="http://docs.oasis-open.org/wss/2004/01/oasis-200401-wss-wssecurity-utility-1.0.xsd" xmlns:soapenc="http://schemas.xmlsoap.org/soap/encoding/" xmlns:tns="http://tempuri.org/" xmlns:wsa="http://schemas.xmlsoap.org/ws/2004/08/addressing" xmlns:wsp="http://schemas.xmlsoap.org/ws/2004/09/policy" xmlns:i0="http://xmlsoap.org/Ping" xmlns:wsap="http://schemas.xmlsoap.org/ws/2004/08/addressing/policy" xmlns:xsd="http://www.w3.org/2001/XMLSchema" xmlns:msc="http://schemas.microsoft.com/ws/2005/12/wsdl/contract" xmlns:wsaw="http://www.w3.org/2006/05/addressing/wsdl" xmlns:soap12="http://schemas.xmlsoap.org/wsdl/soap12/" xmlns:wsa10="http://www.w3.org/2005/08/addressing" xmlns:wsx="http://schemas.xmlsoap.org/ws/2004/09/mex"><wsp:Policy wsu:Id="BasicHttpBinding_IMtomTest_policy"><wsp:ExactlyOne><wsp:All><wsoma:OptimizedMimeSerialization xmlns:wsoma="http://schemas.xmlsoap.org/ws/2004/09/policy/optimizedmimeserialization"/></wsp:All></wsp:ExactlyOne></wsp:Policy><wsdl:import namespace="http://xmlsoap.org/Ping" location="http://131.107.72.15/MTOM_Service_Indigo/Soap11MtomUtf8.svc?wsdl=wsdl0"/><wsdl:types/><wsdl:binding name="BasicHttpBinding_IMtomTest" type="i0:IMtomTest"><wsp:PolicyReference URI="#BasicHttpBinding_IMtomTest_policy"/><soap:binding transport="http://schemas.xmlsoap.org/soap/http"/><wsdl:operation name="EchoBinaryAsString"><soap:operation soapAction="http://xmlsoap.org/echoBinaryAsString" style="document"/><wsdl:input><soap:body use="literal"/></wsdl:input><wsdl:output><soap:body use="literal"/></wsdl:output></wsdl:operation><wsdl:operation name="EchoStringAsBinary"><soap:operation soapAction="http://xmlsoap.org/EchoStringAsBinary" style="document"/><wsdl:input><soap:body use="literal"/></wsdl:input><wsdl:output><soap:body use="literal"/></wsdl:output></wsdl:operation><wsdl:operation name="EchoBinaryArrayAsStringArray"><soap:operation soapAction="http://xmlsoap.org/EchoBinaryArrayAsStringArray" style="document"/><wsdl:input><soap:body use="literal"/></wsdl:input><wsdl:output><soap:body use="literal"/></wsdl:output></wsdl:operation><wsdl:operation name="EchoBinaryFieldAsString"><soap:operation soapAction="http://xmlsoap.org/Ping" style="document"/><wsdl:input><soap:body use="literal"/></wsdl:input><wsdl:output><soap:body use="literal"/></wsdl:output></wsdl:operation><wsdl:operation name="EchoBinaryHeaderAsString"><soap:operation soapAction="http://xmlsoap.org/Ping/IMtomTest/EchoBinaryHeaderAsString" style="document"/><wsdl:input name="InputMessageContract"><soap:header message="i0:InputMessageContract_Headers" part="ByteArray" use="literal"/><soap:body use="literal"/></wsdl:input><wsdl:output name="OutputMessageContract"><soap:body use="literal"/></wsdl:output></wsdl:operation></wsdl:binding><wsdl:service name="MtomService"><wsdl:port name="BasicHttpBinding_IMtomTest" binding="tns:BasicHttpBinding_IMtomTest"><soap:address location="http://131.107.72.15/MTOM_Service_Indigo/Soap11MtomUtf8.svc/MtomTest"/></wsdl:port></wsdl:service></wsdl:definitions>