<?xml version="1.0" encoding="UTF-8"?>
<project xmlns="http://www.netbeans.org/ns/project/1">
    <type>org.netbeans.modules.apisupport.project</type>
    <configuration>
        <data xmlns="http://www.netbeans.org/ns/nb-module-project/2">
            <code-name-base>com.sun.webui.jsf</code-name-base>
            <suite-component/>
            <module-dependencies/>
            <public-packages>
                <package>com.sun.faces.extensions.avatar.application</package>
                <package>com.sun.faces.extensions.avatar.components</package>
                <package>com.sun.faces.extensions.avatar.event</package>
                <package>com.sun.faces.extensions.avatar.lifecycle</package>
                <package>com.sun.faces.extensions.avatar.renderkit</package>
                <package>com.sun.faces.extensions.avatar.taglib</package>
                <package>com.sun.faces.extensions.common.util</package>
                <package>com.sun.webui.html</package>
                <package>com.sun.webui.jsf.bean</package>
                <package>com.sun.webui.jsf.component</package>
                <package>com.sun.webui.jsf.component.customizers</package>
                <package>com.sun.webui.jsf.component.propertyeditors</package>
                <package>com.sun.webui.jsf.component.table</package>
                <package>com.sun.webui.jsf.component.util</package>
                <package>com.sun.webui.jsf.component.vforms</package>
                <package>com.sun.webui.jsf.converter</package>
                <package>com.sun.webui.jsf.design</package>
                <package>com.sun.webui.jsf.el</package>
                <package>com.sun.webui.jsf.event</package>
                <package>com.sun.webui.jsf.faces</package>
                <package>com.sun.webui.jsf.model</package>
                <package>com.sun.webui.jsf.model.list</package>
                <package>com.sun.webui.jsf.model.scheduler</package>
                <package>com.sun.webui.jsf.renderkit.ajax</package>
                <package>com.sun.webui.jsf.renderkit.html</package>
                <package>com.sun.webui.jsf.renderkit.widget</package>
                <package>com.sun.webui.jsf.theme</package>
                <package>com.sun.webui.jsf.util</package>
                <package>com.sun.webui.jsf.validator</package>
                <package>com.sun.webui.theme</package>
                <package>javax.faces.component</package>
                <package>org.json</package>
            </public-packages>
            <class-path-extension>
                <runtime-relative-path>ext/webui-jsf-dt.jar</runtime-relative-path>
                <binary-origin>release/modules/ext/webui-jsf-dt.jar</binary-origin>
            </class-path-extension>
            <class-path-extension>
                <runtime-relative-path>ext/json.jar</runtime-relative-path>
                <binary-origin>release/modules/ext/json.jar</binary-origin>
            </class-path-extension>
            <class-path-extension>
                <runtime-relative-path>ext/jsf-extensions-dynamic-faces-0.1.jar</runtime-relative-path>
                <binary-origin>release/modules/ext/jsf-extensions-dynamic-faces-0.1.jar</binary-origin>
            </class-path-extension>
            <class-path-extension>
                <runtime-relative-path>ext/webui-jsf.jar</runtime-relative-path>
                <binary-origin>release/modules/ext/webui-jsf.jar</binary-origin>
            </class-path-extension>
            <class-path-extension>
                <runtime-relative-path>ext/jsf-extensions-common-0.1.jar</runtime-relative-path>
                <binary-origin>release/modules/ext/jsf-extensions-common-0.1.jar</binary-origin>
            </class-path-extension>
            <class-path-extension>
                <runtime-relative-path>ext/dojo-0.4.1-ajax.jar</runtime-relative-path>
                <binary-origin>release/modules/ext/dojo-0.4.1-ajax.jar</binary-origin>
            </class-path-extension>
            <class-path-extension>
                <runtime-relative-path>ext/webui-jsf-suntheme.jar</runtime-relative-path>
                <binary-origin>release/modules/ext/webui-jsf-suntheme.jar</binary-origin>
            </class-path-extension>
            <class-path-extension>
                <runtime-relative-path>ext/prototype-1.5.0.jar</runtime-relative-path>
                <binary-origin>release/modules/ext/prototype-1.5.0.jar</binary-origin>
            </class-path-extension>
        </data>
    </configuration>
</project>
