<?xml version="1.0" encoding="UTF-8"?>
<project xmlns="http://www.netbeans.org/ns/project/1">
    <type>org.netbeans.modules.apisupport.project</type>
    <configuration>
        <data xmlns="http://www.netbeans.org/ns/nb-module-project/2">
            <code-name-base>com.sun.rave.webui.jsf.themes.defaulttheme</code-name-base>
            <suite-component/>
            <module-dependencies/>
            <public-packages/>
            <class-path-extension>
                <runtime-relative-path>ext/webui-jsf-suntheme.jar</runtime-relative-path>
                <binary-origin>release/modules/ext/webui-jsf-suntheme.jar</binary-origin>
            </class-path-extension>
        </data>
    </configuration>
</project>
