<?xml version="1.0" encoding="UTF-8"?>
<!--

    DO NOT ALTER OR REMOVE COPYRIGHT NOTICES OR THIS HEADER.

    Copyright (c) 1997-2010 Oracle and/or its affiliates. All rights reserved.

    The contents of this file are subject to the terms of either the GNU
    General Public License Version 2 only ("GPL") or the Common Development
    and Distribution License("CDDL") (collectively, the "License").  You
    may not use this file except in compliance with the License.  You can
    obtain a copy of the License at
    https://glassfish.dev.java.net/public/CDDL+GPL_1_1.html
    or packager/legal/LICENSE.txt.  See the License for the specific
    language governing permissions and limitations under the License.

    When distributing the software, include this License Header Notice in each
    file and include the License file at packager/legal/LICENSE.txt.

    GPL Classpath Exception:
    Oracle designates this particular file as subject to the "Classpath"
    exception as provided by Oracle in the GPL Version 2 section of the License
    file that accompanied this code.

    Modifications:
    If applicable, add the following below the License Header, with the fields
    enclosed by brackets [] replaced by your own identifying information:
    "Portions Copyright [year] [name of copyright owner]"

    Contributor(s):
    If you wish your version of this file to be governed by only the CDDL or
    only the GPL Version 2, indicate your decision by adding "[Contributor]
    elects to include this software in this distribution under the [CDDL or GPL
    Version 2] license."  If you don't indicate a single choice of license, a
    recipient has the option to distribute your version of this file under
    either the CDDL, the GPL Version 2 or to extend the choice of license to
    its licensees as provided above.  However, if you add GPL Version 2 code
    and therefore, elected the GPL Version 2 license, then the option applies
    only if the new code is made subject to such option by the copyright
    holder.

-->

<!-- ========== Command+Button Properties ================================== -->


<!-- template

      <property>
        <description>
        </description>
        <display-name></display-name>
        <icon></icon>
        <property-name></property-name>
        <property-class>java.lang.String</property-class>
      </property>

-->
<root>
    

    <property>
        <description>
          Javascript code executed when a pointer button is
          clicked over this element.
        </description>
        <display-name>Button Click Script</display-name>
        <icon></icon>
        <property-name>onclick</property-name>
        <property-class>java.lang.String</property-class>
        <property-extension>
            <ignored-by-renderer>false</ignored-by-renderer>
            <behavior/>
            <behavior>action</behavior>
            <default-behavior>true</default-behavior>
        </property-extension>
    </property>

    <property>
        <description>
          Javascript code executed when a pointer button is
          double clicked over this element.
        </description>
        <display-name>Double Click Script</display-name>
        <icon></icon>
        <property-name>ondblclick</property-name>
        <property-class>java.lang.String</property-class>
        <property-extension>
            <ignored-by-renderer>true</ignored-by-renderer>
            <behavior/>
        </property-extension>
    </property>

    <property>
        <description>
          Javascript code executed when this element loses focus
          and its value has been modified since gaining focus.
        </description>
        <display-name>Input Change Script</display-name>
        <icon></icon>
        <property-name>onchange</property-name>
        <property-class>java.lang.String</property-class>
        <property-extension>
            <ignored-by-renderer>true</ignored-by-renderer>
            <behavior/>
        </property-extension>
    </property>

    <property>
        <description>
          Javascript code executed when a pointer button is
          pressed down over this element.
        </description>
        <display-name>Mouse Down Script</display-name>
        <icon></icon>
        <property-name>onmousedown</property-name>
        <property-class>java.lang.String</property-class>
        <property-extension>
            <ignored-by-renderer>true</ignored-by-renderer>
            <behavior/>
        </property-extension>
    </property>

    <property>
        <description>
          Javascript code executed when a pointer button is
          released over this element.
        </description>
        <display-name>Mouse Up Script</display-name>
        <icon></icon>
        <property-name>onmouseup</property-name>
        <property-class>java.lang.String</property-class>
        <property-extension>
            <ignored-by-renderer>true</ignored-by-renderer>
            <behavior/>
        </property-extension>
    </property>

    <property>
        <description>
          Javascript code executed when a pointer button is
          moved onto this element.
        </description>
        <display-name>Mouse Over Script</display-name>
        <icon></icon>
        <property-name>onmouseover</property-name>
        <property-class>java.lang.String</property-class>
        <property-extension>
            <ignored-by-renderer>true</ignored-by-renderer>
            <behavior/>
        </property-extension>
    </property>

    <property>
        <description>
          Javascript code executed when a pointer button is
          moved within this element.
        </description>
        <display-name>Mouse Move Script</display-name>
        <icon></icon>
        <property-name>onmousemove</property-name>
        <property-class>java.lang.String</property-class>
        <property-extension>
            <ignored-by-renderer>true</ignored-by-renderer>
            <behavior/>
        </property-extension>
    </property>

    <property>
        <description>
          Javascript code executed when a pointer button is
          moved away from this element.
        </description>
        <display-name>Mouse Out Script</display-name>
        <icon></icon>
        <property-name>onmouseout</property-name>
        <property-class>java.lang.String</property-class>
        <property-extension>
            <ignored-by-renderer>true</ignored-by-renderer>
            <behavior/>
        </property-extension>
    </property>

    <property>
        <description>
          Javascript code executed when a key is
          pressed and released over this element.
        </description>
        <display-name>Key Press Script</display-name>
        <icon></icon>
        <property-name>onkeypress</property-name>
        <property-class>java.lang.String</property-class>
        <property-extension>
            <ignored-by-renderer>true</ignored-by-renderer>
            <behavior/>
        </property-extension>
    </property>

    <property>
        <description>
          Javascript code executed when a key is
          pressed down over this element.
        </description>
        <display-name>Key Down Script</display-name>
        <icon></icon>
        <property-name>onkeydown</property-name>
        <property-class>java.lang.String</property-class>
        <property-extension>
            <ignored-by-renderer>true</ignored-by-renderer>
            <behavior/>
        </property-extension>
    </property>

    <property>
        <description>
          Javascript code executed when a key is
          released over this element.
        </description>
        <display-name>Key Up Script</display-name>
        <icon></icon>
        <property-name>onkeyup</property-name>
        <property-class>java.lang.String</property-class>
        <property-extension>
            <ignored-by-renderer>true</ignored-by-renderer>
            <behavior/>
        </property-extension>
    </property>

    <property>
      <description>
         Type of button to create.  Valid values are "submit", "button",
         and "reset".  If not specified, or not a valid value, the default
         value is "submit".
      </description>
      <display-name>Button Type</display-name>
      <icon></icon>
      <property-name>type</property-name>
      <property-class>java.lang.String</property-class>
      <property-extension>
        <default-value>"submit"</default-value>
      </property-extension>
    </property>

</root>

