<?xml version='1.0' encoding='UTF-8'?>
<!--

    DO NOT ALTER OR REMOVE COPYRIGHT NOTICES OR THIS HEADER.

    Copyright (c) 1997-2010 Oracle and/or its affiliates. All rights reserved.

    The contents of this file are subject to the terms of either the GNU
    General Public License Version 2 only ("GPL") or the Common Development
    and Distribution License("CDDL") (collectively, the "License").  You
    may not use this file except in compliance with the License.  You can
    obtain a copy of the License at
    https://glassfish.dev.java.net/public/CDDL+GPL_1_1.html
    or packager/legal/LICENSE.txt.  See the License for the specific
    language governing permissions and limitations under the License.

    When distributing the software, include this License Header Notice in each
    file and include the License file at packager/legal/LICENSE.txt.

    GPL Classpath Exception:
    Oracle designates this particular file as subject to the "Classpath"
    exception as provided by Oracle in the GPL Version 2 section of the License
    file that accompanied this code.

    Modifications:
    If applicable, add the following below the License Header, with the fields
    enclosed by brackets [] replaced by your own identifying information:
    "Portions Copyright [year] [name of copyright owner]"

    Contributor(s):
    If you wish your version of this file to be governed by only the CDDL or
    only the GPL Version 2, indicate your decision by adding "[Contributor]
    elects to include this software in this distribution under the [CDDL or GPL
    Version 2] license."  If you don't indicate a single choice of license, a
    recipient has the option to distribute your version of this file under
    either the CDDL, the GPL Version 2 or to extend the choice of license to
    its licensees as provided above.  However, if you add GPL Version 2 code
    and therefore, elected the GPL Version 2 license, then the option applies
    only if the new code is made subject to such option by the copyright
    holder.

-->

<!-- ========== Core Properties ============================================ -->


<!-- template

      <property>
        <description>
        </description>
        <display-name></display-name>
        <icon></icon>
        <property-name></property-name>
        <property-class>java.lang.String</property-class>
      </property>

-->
<root>
    <property>
        <description>
          CSS style(s) to be applied when this component is rendered.
        </description>
        <display-name>CSS Styles</display-name>
        <icon></icon>
        <property-name>style</property-name>
        <property-class>java.lang.String</property-class>
        <property-extension>
            <ignored-by-renderer>true</ignored-by-renderer>
        </property-extension>
    </property>

    <property>
        <description>
          Space-separated list of CSS style class(es) to be applied when
          this element is rendered.  This value must be passed through
          as the "class" attribute on generated markup.
        </description>
        <display-name>CSS Style Classes</display-name>
        <icon></icon>
        <property-name>styleClass</property-name>
        <property-class>java.lang.String</property-class>
        <property-extension>
            <ignored-by-renderer>false</ignored-by-renderer>
        </property-extension>
    </property>

    <property>
        <description>
          Advisory title information about markup elements generated
          for this component.
        </description>
        <display-name>Advisory Title</display-name>
        <icon></icon>
        <property-name>title</property-name>
        <property-class>java.lang.String</property-class>
        <property-extension>
            <ignored-by-renderer>true</ignored-by-renderer>
        </property-extension>
    </property>

    <property>
        <description><![CDATA[
          <p class="changed_added_2_2">Per the WAI-ARIA spec and its
          relationship to HTML5 (Section title ARIA Role Attriubute),
          every HTML element may have a "role" attribute whose value
          must be passed through unmodified on the element on which it
          is declared in the final rendered markup.  The attribute, if
          specified, must have a value that is a string literal that is,
          or an EL Expression that evaluates to, a set of
          space-separated tokens representing the various WAI-ARIA roles
          that the element belongs to.
          </p>

          <p class="changed_added_2_2">It is the page author's
          responsibility to ensure that the user agent is capable of
          correctly interpreting the value of this attribute.</p>]]>
        </description>
        <display-name>ARIA role</display-name>
        <icon></icon>
        <property-name>role</property-name>
        <property-class>java.lang.String</property-class>
        <property-extension>
            <ignored-by-renderer>true</ignored-by-renderer>
        </property-extension>
    </property>

</root>
