<?xml version="1.0" encoding="UTF-8"?>
<!--

    DO NOT ALTER OR REMOVE COPYRIGHT NOTICES OR THIS HEADER.

    Copyright (c) 1997-2010 Oracle and/or its affiliates. All rights reserved.

    The contents of this file are subject to the terms of either the GNU
    General Public License Version 2 only ("GPL") or the Common Development
    and Distribution License("CDDL") (collectively, the "License").  You
    may not use this file except in compliance with the License.  You can
    obtain a copy of the License at
    https://glassfish.dev.java.net/public/CDDL+GPL_1_1.html
    or packager/legal/LICENSE.txt.  See the License for the specific
    language governing permissions and limitations under the License.

    When distributing the software, include this License Header Notice in each
    file and include the License file at packager/legal/LICENSE.txt.

    GPL Classpath Exception:
    Oracle designates this particular file as subject to the "Classpath"
    exception as provided by Oracle in the GPL Version 2 section of the License
    file that accompanied this code.

    Modifications:
    If applicable, add the following below the License Header, with the fields
    enclosed by brackets [] replaced by your own identifying information:
    "Portions Copyright [year] [name of copyright owner]"

    Contributor(s):
    If you wish your version of this file to be governed by only the CDDL or
    only the GPL Version 2, indicate your decision by adding "[Contributor]
    elects to include this software in this distribution under the [CDDL or GPL
    Version 2] license."  If you don't indicate a single choice of license, a
    recipient has the option to distribute your version of this file under
    either the CDDL, the GPL Version 2 or to extend the choice of license to
    its licensees as provided above.  However, if you add GPL Version 2 code
    and therefore, elected the GPL Version 2 license, then the option applies
    only if the new code is made subject to such option by the copyright
    holder.

-->

<!-- ========== Text Properties ============================================ -->


<!-- template

      <property>
        <description>
        </description>
        <display-name></display-name>
        <icon></icon>
        <property-name></property-name>
        <property-class>java.lang.String</property-class>
      </property>

-->
<root>
    <property>
        <description>
          Alternate textual description of the
          element rendered by this component.
        </description>
        <display-name>Alternate Text</display-name>
        <icon></icon>
        <property-name>alt</property-name>
        <property-class>java.lang.String</property-class>
        <property-extension>
            <ignored-by-renderer>true</ignored-by-renderer>
        </property-extension>
    </property>

    <property>
        <description>
        If the value of this attribute is "off", render "off" as the value
        of the attribute. This indicates that the  browser should
        disable its autocomplete feature for this component.  This is
        useful for components that perform autocompletion and do not
        want the browser interfering.  If this attribute is not set or the value 
        is "on", render nothing.
        </description>
        <display-name>Enable or disable browser autocompletion.</display-name>
        <icon></icon>
        <property-name>autocomplete</property-name>
        <property-class>java.lang.String</property-class>
    </property>

    <property>
        <description>
          The maximum number of characters that may
          be entered in this field.
        </description>
        <display-name>Maximum Length</display-name>
        <icon></icon>
        <property-name>maxlength</property-name>
        <property-class>int</property-class>
        <property-extension>
            <ignored-by-renderer>true</ignored-by-renderer>
        </property-extension>
    </property>

    <property>
        <description>
          The number of characters used to determine
          the width of this field.
        </description>
        <display-name>Field Width</display-name>
        <icon></icon>
        <property-name>size</property-name>
        <property-class>int</property-class>
        <property-extension>
            <ignored-by-renderer>true</ignored-by-renderer>
        </property-extension>
    </property>
</root>
