<?xml version="1.0" encoding="UTF-8" standalone="yes"?>
<!--

    Copyright (c) 1997, 2018 Oracle and/or its affiliates. All rights reserved.

    This program and the accompanying materials are made available under the
    terms of the Eclipse Distribution License v. 1.0, which is available at
    http://www.eclipse.org/org/documents/edl-v10.php.

    SPDX-License-Identifier: BSD-3-Clause

-->

<!--
 $Id: retailer-server-binding.xml,v 1.8 2010-10-21 14:23:14 snajper Exp $
-->

<bindings wsdlLocation="retailer.wsdl" xmlns="http://java.sun.com/xml/ns/jaxws" xmlns:wsdl="http://schemas.xmlsoap.org/wsdl/" xmlns:xsd="http://www.w3.org/2001/XMLSchema" xmlns:jaxb="http://java.sun.com/xml/ns/jaxb">
    <bindings node="wsdl:definitions">
        <package name="pricequote.retailer.server"/>
    </bindings>
    <bindings node="wsdl:definitions/wsdl:types/xsd:schema[@targetNamespace='http://example.org/retailer']"  >
        <jaxb:schemaBindings >
            <jaxb:package name="pricequote.retailer.server"/>
        </jaxb:schemaBindings>
    </bindings>
</bindings>

