<?xml version="1.0" encoding="utf-8"?>
<!--

    Copyright (c) 1997, 2018 Oracle and/or its affiliates. All rights reserved.

    This program and the accompanying materials are made available under the
    terms of the Eclipse Distribution License v. 1.0, which is available at
    http://www.eclipse.org/org/documents/edl-v10.php.

    SPDX-License-Identifier: BSD-3-Clause

-->

<wsdl:definitions targetNamespace="http://tempuri.org/" 
                  xmlns:tns="http://tempuri.org/" 
                  xmlns:wsdl="http://schemas.xmlsoap.org/wsdl/"  
                  xmlns:soapenc="http://schemas.xmlsoap.org/soap/encoding/" 
                  xmlns:wsp="http://schemas.xmlsoap.org/ws/2004/09/policy" 
                  xmlns:wsap="http://www.w3.org/2006/05/addressing/wsdl" 
                  xmlns:xsd="http://www.w3.org/2001/XMLSchema" 
                  xmlns:wsu="http://docs.oasis-open.org/wss/2004/01/oasis-200401-wss-wssecurity-utility-1.0.xsd" 
                  xmlns:soap="http://schemas.xmlsoap.org/wsdl/soap12/">
    
    <!-- begin :Keystore Info : latest method : referred from wsdl:service element -->
    <wsp:Policy wsu:Id="ClientKeystorePolicy" 
      xmlns:sc="http://schemas.sun.com/2006/03/wss/client" 
      xmlns:wspp="http://java.sun.com/xml/ns/wsit/policy" 
      xmlns:scc="http://schemas.sun.com/ws/2006/05/sc/client" >
        <wsp:ExactlyOne>
            <wsp:All>
                <!--sunsp:DisableStreamingSecurity xmlns:sunsp="http://schemas.sun.com/2006/03/wss/client"></sunsp:DisableStreamingSecurity-->
                <sc:KeyStore wspp:visibility="private" location="$WSIT_HOME/xws-security/etc/client-keystore.jks" type="JKS" alias="xws-security-client" storepass="changeit"></sc:KeyStore>
                <sc:TrustStore wspp:visibility="private" location="$WSIT_HOME/xws-security/etc/client-truststore.jks" type="JKS" storepass="changeit" peeralias="xws-security-server"></sc:TrustStore>
                
            </wsp:All>
        </wsp:ExactlyOne>
    </wsp:Policy>
    
    <!-- end :Keystore Info : latest method : referred from wsdl:service element -->

   <wsdl:types>
        <xsd:schema targetNamespace="http://xmlsoap.org/DAB/Imports">
            <xsd:import schemaLocation="Service_schema.xsd" namespace="http://xmlsoap.org/DAB"/>
        </xsd:schema>
   </wsdl:types>
        
  <wsdl:message name="DABRequest">
            <wsdl:part name="Department" element="q:Department" xmlns:q="http://xmlsoap.org/DAB"/>
        </wsdl:message>
        <wsdl:message name="DABResponse">
            <wsdl:part name="AccountBalance" element="q:AccountBalance" xmlns:q="http://xmlsoap.org/DAB"/>
        </wsdl:message>
        
   <wsdl:portType name="IFinancialService">
            <wsdl:operation name="getAccountBalance">
                <wsdl:input wsap:Action="http://xmlsoap.org/DAB" name="DABRequest" message="tns:DABRequest"/>
                <wsdl:output wsap:Action="http://xmlsoap.org/DAB" name="DABResponse" message="tns:DABResponse"/>
            </wsdl:operation>
        </wsdl:portType>
        
    <wsdl:binding name="IFinancialService_Binding" type="tns:IFinancialService">
		<wsp:PolicyReference URI="#ClientKeystorePolicy"/>
		<soap:binding transport="http://schemas.xmlsoap.org/soap/http"/>
		<wsdl:operation name="getAccountBalance">
			<soap:operation soapAction="http://xmlsoap.org/DAB" style="document"/>
			<wsdl:input name="DABRequest">
				<soap:body use="literal"/>
			</wsdl:input>
			<wsdl:output name="DABResponse">
				<soap:body use="literal"/>
			</wsdl:output>
		</wsdl:operation>
	</wsdl:binding>

    <!-- **** NOTE : SERVICE HAS POLICYREFERENCE TO CLIENTKEYSTOREPOLICY DEFINED ABOVE **** -->
   <wsdl:service name="FinancialService">
		<wsdl:port name="IFinancialService_Port" binding="tns:IFinancialService_Binding">
			<soap:address location="http://localhost:8080/jaxws-mcs/simple"/>
		</wsdl:port>
	</wsdl:service>
    <!-- **** NOTE : SERVICE HAS POLICYREFERENCE TO CLIENTKEYSTOREPOLICY DEFINED ABOVE **** -->
</wsdl:definitions>


