<?xml encoding='UTF-8'?>
<!--
 The contents of this file are subject to the terms
 of the Common Development and Distribution License
 (the License).  You may not use this file except in
 compliance with the License.
 
 You can obtain a copy of the license at
 https://woodstock.dev.java.net/public/CDDLv1.0.html.
 See the License for the specific language governing
 permissions and limitations under the License.
 
 When distributing Covered Code, include this CDDL
 Header Notice in each file and include the License file
 at https://woodstock.dev.java.net/public/CDDLv1.0.html.
 If applicable, add the following below the CDDL Header,
 with the fields enclosed by brackets [] replaced by
 you own identifying information:
 "Portions Copyrighted [year] [name of copyright owner]"
 
 Copyright 2007 Sun Microsystems, Inc. All rights reserved.
-->


<!-- ========== ActionSource Properties ==================================== -->


      <property>
        <property-name>action</property-name>
        <description>
          MethodBinding representing the application action to invoke when
          this component is activated by the user.  The expression must
          evaluate to a either a String or a public method that takes no parameters, and returns
          a String (the logical outcome)  which is passed to the
          NavigationHandler for this application.
        </description>
        
        <property-extension>
          <is-bindable>true</is-bindable>
          <category>ADVANCED</category>
          <editor-class>
            com.sun.jsfcl.std.MethodBindingPropertyEditor
          </editor-class>
        </property-extension>
      </property>

      <property>
        <description>
        Use the actionListener attribute to cause the component to fire an
        event. The value must be an EL expression and it must evaluate to the 
        name of a public method that takes an ActionEvent parameter and returns
        void. 
        </description>
        <property-name>actionListener</property-name>
        <property-extension>
          <is-bindable>true</is-bindable>
          <category>ADVANCED</category>
          <editor-class>
            com.sun.jsfcl.std.MethodBindingPropertyEditor
          </editor-class>
        </property-extension>
      </property>

    <property>
      <description>
        Flag indicating that event handling for this component
          should be handled immediately (in Apply Request Values
          phase) rather than waiting until Invoke Application phase.
      </description>
      <display-name>Immediate</display-name>
      <property-name>immediate</property-name>
      <property-class>boolean</property-class>
      <property-extension>
        <category>ADVANCED</category>
        <is-bindable>true</is-bindable>
      </property-extension>
    </property>
