<?xml version="1.0" encoding="UTF-8"?>
<feature
      id="org.eclipse.persistence.sdk"
      label="%featureName"
      version="@VERSION@.@QUALIFIER@"
      provider-name="%providerName">

   <description>
      %description
   </description>

   <copyright>
      %copyright
   </copyright>

   <license url="%licenseURL">
      %license
   </license>

   <url>
      <update label="%updateSiteName" url="%primaryUpdateURL"/>
      <discovery label="%secondaryUpdateSiteName" url="%secondaryUpdateURL"/>
   </url>

   <includes
         id="org.eclipse.persistence.jpa"
         version="@VERSION@.@QUALIFIER@"/>

   <includes
         id="org.eclipse.persistence.nosql"
         version="@VERSION@.@QUALIFIER@"/>

   <includes
         id="org.eclipse.persistence.moxy"
         version="@VERSION@.@QUALIFIER@"/>

   <includes
         id="org.eclipse.persistence.sdo"
         version="@VERSION@.@QUALIFIER@"/>

   <includes
         id="org.eclipse.persistence.dbws"
         version="@VERSION@.@QUALIFIER@"/>

   <includes
         id="org.eclipse.persistence.dbwsbuilder"
         version="@VERSION@.@QUALIFIER@"/>

   <includes
         id="org.eclipse.persistence.jpa.source"
         version="@VERSION@.@QUALIFIER@"/>

   <includes
         id="org.eclipse.persistence.nosql.source"
         version="@VERSION@.@QUALIFIER@"/>

   <includes
         id="org.eclipse.persistence.moxy.source"
         version="@VERSION@.@QUALIFIER@"/>

   <includes
         id="org.eclipse.persistence.sdo.source"
         version="@VERSION@.@QUALIFIER@"/>

   <includes
         id="org.eclipse.persistence.dbws.source"
         version="@VERSION@.@QUALIFIER@"/>

   <includes
         id="org.eclipse.persistence.dbwsbuilder.source"
         version="@VERSION@.@QUALIFIER@"/>

</feature>
