<?xml version="1.0" encoding="UTF-8"?>
<feature
      id="org.eclipse.persistence.sdo"
      label="%featureName"
      version="@VERSION@.@QUALIFIER@"
      provider-name="%providerName">

   <description>
      %description
   </description>

   <copyright>
      %copyright
   </copyright>

   <license url="%licenseURL">
      %license
   </license>

   <url>
      <update label="%updateSiteName" url="%primaryUpdateURL"/>
      <discovery label="%secondaryUpdateSiteName" url="%secondaryUpdateURL"/>
   </url>

   <includes
         id="org.eclipse.persistence.moxy"
         version="@VERSION@.@QUALIFIER@"/>

   <plugin
         id="commonj.sdo"
         download-size="0"
         install-size="0"
         version="@SDO_VERSION@"
         unpack="false"/>

   <plugin
         id="org.eclipse.persistence.sdo"
         download-size="0"
         install-size="0"
         version="@VERSION@.@QUALIFIER@"
         unpack="false"/>

</feature>
